asset_id,ticker,asset_name,category,shares_verified,offering_price_verified,offering_market_cap_verified,first_observation_date,last_observation_date,observation_count,exact_observation_count,rounded_observation_count,chart_estimate_count,unverified_observation_count,visible_points_expected,visible_points_captured,historical_capture_pct,largest_observation_gap_days,index_eligible_equal_weight,index_eligible_market_cap,exclusion_reasons,warning_count,expected_quarters,captured_quarters,quarterly_capture_pct,first_period_end,last_period_end,missing_period_ends,duplicate_period_ends,quarters_with_market_cap_validation,quarters_with_warnings
rally-00mouton,00MOUTON,2000 Château Mouton Rothschild,wine and whiskey,True,True,True,2021-09-30,2026-06-29,20,19,0,1,0,,,,130.0,True,True,,21,,20,,2021-09-30,2026-06-30,,,20,20
rally-03tache,03TACHE,2003 Domaine de la Romanée-Conti La Tâche,wine and whiskey,True,True,True,2021-04-20,2026-06-25,22,19,0,3,0,,,,157.0,True,True,,23,,22,,2021-03-31,2026-06-30,,,22,22
rally-05latour,05LATOUR,2005 Château Latour,wine and whiskey,True,True,True,2020-12-22,2026-06-26,23,21,0,2,0,,,,145.0,True,True,,24,,23,,2020-12-31,2026-06-30,,,23,23
rally-06brm,06BRM,2006 Giacomo Conterno Barolo Riserva Monfortino,wine and whiskey,True,True,True,2021-03-16,2026-06-26,22,19,0,3,0,,,,157.0,True,True,,23,,22,,2021-03-31,2026-06-30,,,22,22
rally-09beaux,09BEAUX,2009 Domaine Leroy Vosne-Romanée Les Beaux Monts,wine and whiskey,True,True,True,2021-05-19,2026-06-29,21,20,0,1,0,,,,146.0,True,True,,22,,21,,2021-06-30,2026-06-30,,,21,21
rally-09rbleroy,09RBLEROY,2009 Domaine Leroy Richebourg,wine and whiskey,True,True,True,2022-02-07,2026-06-30,19,18,0,1,0,,,,94.0,True,True,,20,,19,,2021-12-31,2026-06-30,,,19,19
rally-11belair,11BELAIR,2011 Domaine du Comte Liger-Belair Vosne-Romanée Aux Reignots,wine and whiskey,True,True,True,2021-07-07,2026-06-29,21,19,0,2,0,,,,191.0,True,True,,22,,21,,2021-06-30,2026-06-30,,,21,21
rally-13beaux,13BEAUX,2013 Domaine Leroy Vosne-Romanée Les Beaux Monts,wine and whiskey,True,True,True,2021-02-23,2026-06-26,22,22,0,0,0,,,,146.0,True,True,,23,,22,,2021-03-31,2026-06-30,,,22,22
rally-14drc,14DRC,2014 Domaine de la Romanée-Conti Assortment,wine and whiskey,True,True,True,2020-12-22,2026-06-24,23,22,0,1,0,,,,139.0,True,True,,23,,23,,2020-12-31,2026-06-30,,,23,22
rally-16petrus,16PETRUS,2016 Château Pétrus,wine and whiskey,True,True,True,2021-04-01,2026-06-26,23,20,0,3,0,,,,137.0,True,True,,24,,23,,2020-12-31,2026-06-30,,,23,23
rally-16screag,16SCREAG,2016 Screaming Eagle,wine and whiskey,True,True,True,2020-12-15,2026-06-26,23,20,0,3,0,,,,164.0,True,True,,24,,23,,2020-12-31,2026-06-30,,,23,23
rally-17dujac,17DUJAC,2017 Domaine Dujac Wine Collection,wine and whiskey,True,True,True,2021-06-17,2025-03-27,15,14,0,0,0,,,,207.0,True,True,,15,,15,,2021-06-30,2025-03-31,,,15,14
rally-59bond,59BOND,Ian Fleming - Goldfinger (Dedication Copy),books,True,True,True,,,0,0,0,0,0,,,,,False,False,missing_secondary_price_observation; missing_observed_market_cap,3,,0,,,,,,0,0
rally-59jfk,59JFK,John F. Kennedy - Profiles in Courage (Inscribed to Frank Sinatra),books,True,True,True,,,0,0,0,0,0,,,,,False,False,missing_secondary_price_observation; missing_observed_market_cap,3,,0,,,,,,0,0
rally-62bond,62BOND,Ian Fleming - The Spy Who Loved Me (Inscribed to RFK),books,True,True,True,2021-05-12,2026-06-26,21,21,0,0,0,,,,125.0,True,True,,1,,21,,2021-06-30,2026-06-30,,,21,0
rally-79stella,79STELLA,1979 Rolex Coral Stella Dial Day-Date,watches,True,True,True,2021-04-15,2026-06-26,22,22,0,0,0,,,,97.0,True,True,,23,,22,,2021-03-31,2026-06-30,,,22,22
rally-7orlex,70RLEX,1970 Rolex Watch,watches,True,True,True,2020-05-12,2023-09-27,10,10,0,0,0,,,,486.0,True,True,,11,,10,,2020-06-30,2023-09-30,,,10,10
rally-93daytona,93DAYTONA,1993 Rolex Zenith Daytona Inverted 6,watches,True,True,True,2021-01-05,2026-06-30,23,23,0,0,0,,,,147.0,True,True,,24,,23,,2020-12-31,2026-06-30,,,23,23
rally-aghowl,AGHOWL,Allen Ginsberg - Howl and Other Poems (Inscribed First Edition),books,True,True,True,,,0,0,0,0,0,,,,,False,False,missing_secondary_price_observation; missing_observed_market_cap,3,,0,,,,,,0,0
rally-alice,ALICE,Lewis Carroll - Alice's Adventures in Wonderland (First Edition),books,True,True,True,2021-02-02,2026-06-25,22,21,0,0,1,,,,133.0,True,True,,23,,22,,2021-03-31,2026-06-30,,,22,22
rally-anmlfarm,ANMLFARM,George Orwell - Animal Farm (First Edition),books,True,True,True,,,0,0,0,0,0,,,,,False,False,missing_secondary_price_observation; missing_observed_market_cap,3,,0,,,,,,0,0
rally-aproak,APROAK,Audemars Piguet Royal Oak,watches,True,True,True,2020-06-02,2021-05-10,5,5,0,0,0,,,,105.0,True,True,,6,,5,,2020-06-30,2021-06-30,,,5,5
rally-baro,BARO,Barosaurus Skeleton,fossils,True,True,True,,,0,0,0,0,0,,,,,False,False,missing_secondary_price_observation; missing_observed_market_cap,3,,0,,,,,,0,0
rally-birkinblu,BIRKINBLU,Hermès 25cm Blue Lizard Birkin,handbags,True,True,True,2020-04-28,2025-03-24,20,20,0,0,0,,,,145.0,True,True,,21,,20,,2020-06-30,2025-03-31,,,20,20
rally-birkinbor,BIRKINBOR,Hermès 35cm Bordeaux Crocodile Birkin,handbags,True,True,True,2020-12-01,2026-06-26,22,22,0,0,0,,,,197.0,True,True,,23,,22,,2020-12-31,2026-06-30,,,22,22
rally-birkintan,BIRKINTAN,Hermès 30cm Tangerine Ostrich Birkin,handbags,True,True,True,2022-09-30,2026-06-26,16,16,0,0,0,,,,96.0,True,True,,17,,16,,2022-09-30,2026-06-30,,,16,16
rally-bond1,BOND1,Ian Fleming - Casino Royale (First Edition),books,True,True,True,,,0,0,0,0,0,,,,,False,False,missing_secondary_price_observation; missing_observed_market_cap,3,,0,,,,,,0,0
rally-bondwatch,BONDWATCH,Pierce Brosnan Omega Seamaster James Bond Film-Worn Watch,watches,True,True,True,2022-10-10,2026-06-29,16,16,0,0,0,,,,95.0,True,True,,17,,16,,2022-09-30,2026-06-30,,,16,16
rally-bradbury,BRADBURY,Ray Bradbury - Fahrenheit 451 (Signed First Edition),books,True,True,True,,,0,0,0,0,0,,,,,False,False,missing_secondary_price_observation; missing_observed_market_cap,3,,0,,,,,,0,0
rally-brosgrimm,BROSGRIMM,Grimms' Fairy Tales (Inscribed),books,True,True,True,,,0,0,0,0,0,,,,,False,False,missing_secondary_price_observation; missing_observed_market_cap,3,,0,,,,,,0,0
rally-catcher,CATCHER,J.D. Salinger - The Catcher in the Rye (First Edition),books,True,True,True,,,0,0,0,0,0,,,,,False,False,missing_secondary_price_observation; missing_observed_market_cap,3,,0,,,,,,0,0
rally-churchill,CHURCHILL,Winston Churchill - The Second World War (Signed First Edition),books,True,True,True,2020-11-17,2026-06-24,23,23,0,0,0,,,,141.0,True,True,,24,,23,,2020-12-31,2026-06-30,,,23,23
rally-congress,CONGRESS,Journals of the Continental Congress (1774–1775),books,True,True,True,,,0,0,0,0,0,,,,,False,False,missing_secondary_price_observation; missing_observed_market_cap,3,,0,,,,,,0,0
rally-deaton,DEATON,Deaton Triceratops Skull,fossils,True,True,True,2021-05-24,2026-06-22,21,21,0,0,0,,,,147.0,True,True,,1,,21,,2021-06-30,2026-06-30,,,0,0
rally-dimaggio2,DIMAGGIO2,DiMaggio 2 Watch,watches,True,True,True,2021-02-18,2026-06-30,22,22,0,0,0,,,,188.0,True,True,,23,,22,,2021-03-31,2026-06-30,,,22,22
rally-dominos,DOMINOS,Domino's Pizza Special Edition Rolex Air-King,watches,True,True,True,2021-05-04,2026-06-25,21,21,0,0,0,,,,158.0,True,True,,22,,21,,2021-06-30,2026-06-30,,,21,21
rally-dune,DUNE,Frank Herbert - Dune (Inscribed First Edition),books,True,True,True,,,0,0,0,0,0,,,,,False,False,missing_secondary_price_observation; missing_observed_market_cap,3,,0,,,,,,0,0
rally-faubourg,FAUBOURG,Hermès Faubourg,handbags,True,True,True,2020-12-30,2023-03-31,9,9,0,0,0,,,,184.0,True,True,,10,,9,,2020-12-31,2023-03-31,,,9,9
rally-faubourg2,FAUBOURG2,Hermès Faubourg 2,handbags,True,True,True,2021-06-18,2024-09-26,14,14,0,0,0,,,,129.0,True,True,,15,,14,,2021-06-30,2024-09-30,,,14,14
rally-frost,FROST,Robert Frost - A Boy's Will (First Edition),books,True,True,True,,,0,0,0,0,0,,,,,False,False,missing_secondary_price_observation; missing_observed_market_cap,3,,0,,,,,,0,0
rally-gatsby,GATSBY,The Great Gatsby (Signed First Edition),books,True,True,True,,,0,0,0,0,0,,,,,False,False,missing_secondary_price_observation; missing_observed_market_cap,3,,0,,,,,,0,0
rally-gmtblack1,GMTBLACK1,1983 Rolex GMT-Master Nipple Dial,watches,True,True,True,2020-10-13,2026-06-30,24,24,0,0,0,,,,144.0,True,True,,25,,24,,2020-09-30,2026-06-30,,,24,24
rally-grapes,GRAPES,John Steinbeck - The Grapes of Wrath (Inscribed First Edition),books,True,True,True,,,0,0,0,0,0,,,,,False,False,missing_secondary_price_observation; missing_observed_market_cap,3,,0,,,,,,0,0
rally-gwtw,GWTW,Gone with the Wind (Inscribed First Printing),books,True,True,True,,,0,0,0,0,0,,,,,False,False,missing_secondary_price_observation; missing_observed_market_cap,3,,0,,,,,,0,0
rally-hgwells,HGWELLS,H.G. Wells - The Time Machine (Inscribed First Edition),books,True,True,True,2021-11-01,2026-06-29,18,0,0,18,0,,,,186.0,True,True,,2,,18,,2021-09-30,2026-06-30,,,18,1
rally-himalaya,HIMALAYA,Hermès 30cm Himalaya Birkin,handbags,True,True,True,2020-09-15,2026-06-26,24,24,0,0,0,,,,146.0,True,True,,25,,24,,2020-09-30,2026-06-30,,,24,24
rally-holmes,HOLMES,Arthur Conan Doyle - Adventures & Memoirs of Sherlock Holmes,books,True,True,True,,,0,0,0,0,0,,,,,False,False,missing_secondary_price_observation; missing_observed_market_cap,3,,0,,,,,,0,0
rally-huckfinn,HUCKFINN,Mark Twain - Adventures of Huckleberry Finn (First Edition),books,True,True,True,2021-10-28,2026-06-29,19,19,0,0,0,,,,184.0,True,True,,3,,19,,2021-09-30,2026-06-30,,,19,2
rally-irobot,IROBOT,"Isaac Asimov - I, Robot (First Edition)",books,True,True,True,,,0,0,0,0,0,,,,,False,False,missing_secondary_price_observation; missing_observed_market_cap,3,,0,,,,,,0,0
rally-jekyll,JEKYLL,Dr. Jekyll and Mr. Hyde (First Edition),books,True,True,True,,,0,0,0,0,0,,,,,False,False,missing_secondary_price_observation; missing_observed_market_cap,3,,0,,,,,,0,0
rally-karuizawa,KARUIZAWA,Karuizawa Aqua of Life 50-Year-Old Whisky,wine and whiskey,True,True,True,2022-03-31,2026-06-29,18,18,0,0,0,,,,94.0,True,True,,19,,18,,2022-03-31,2026-06-30,,,18,18
rally-keller,KELLER,Helen Keller 1892 Book (Inscribed),books,True,True,True,,,0,0,0,0,0,,,,,False,False,missing_secondary_price_observation; missing_observed_market_cap,3,,0,,,,,,0,0
rally-kerouac,KEROUAC,Jack Kerouac - On the Road (Signed First Edition),books,True,True,True,,,0,0,0,0,0,,,,,False,False,missing_secondary_price_observation; missing_observed_market_cap,3,,0,,,,,,0,0
rally-lotf,LOTF,William Golding - Lord of the Flies (First Edition),books,True,True,True,,,0,0,0,0,0,,,,,False,False,missing_secondary_price_observation; missing_observed_market_cap,3,,0,,,,,,0,0
rally-lotr,LOTR,J.R.R. Tolkien - The Lord of the Rings Trilogy (First Edition),books,True,True,True,2020-09-29,2026-07-01,23,23,0,0,0,,,,172.0,True,True,,24,,23,,2020-09-30,2026-06-30,,,23,23
rally-macallan1,MACALLAN1,Macallan 30-Year-Old Blue Label Scotch Whisky,wine and whiskey,True,True,True,2022-03-30,2026-06-29,18,18,0,0,0,,,,95.0,True,True,,19,,18,,2022-03-31,2026-06-30,,,18,18
rally-macallan2,MACALLAN2,Macallan 40-Year-Old Whisky,wine and whiskey,True,True,True,2022-06-27,2026-06-29,17,17,0,0,0,,,,94.0,True,True,,18,,17,,2022-06-30,2026-06-30,,,17,17
rally-macallan3,MACALLAN3,1938 Macallan Red Ribbon Whisky,wine and whiskey,True,True,True,2022-12-30,2026-06-26,15,15,0,0,0,,,,95.0,True,True,,16,,15,,2022-12-31,2026-06-30,,,15,15
rally-marx,MARX,Karl Marx - Das Kapital (First Edition),books,True,True,True,,,0,0,0,0,0,,,,,False,False,missing_secondary_price_observation; missing_observed_market_cap,3,,0,,,,,,0,0
rally-megalodon,MEGALODON,Megalodon Fossil,fossils,True,True,True,2022-12-30,2026-06-30,15,15,0,0,0,,,,95.0,True,True,,16,,15,,2022-12-31,2026-06-30,,,15,15
rally-mobydick,MOBYDICK,Herman Melville - Moby-Dick (First Edition),books,True,True,True,,,0,0,0,0,0,,,,,False,False,missing_secondary_price_observation; missing_observed_market_cap,3,,0,,,,,,0,0
rally-mosasaur,MOSASAUR,Mosasaur,fossils,True,True,True,2021-06-21,2026-06-29,21,21,0,0,0,,,,112.0,True,True,,22,,21,,2021-06-30,2026-06-30,,,21,21
rally-newton,NEWTON,Isaac Newton - Principia (First Edition),books,True,True,True,2021-10-22,2026-06-29,20,20,0,0,0,,,,97.0,True,True,,21,,20,,2021-09-30,2026-06-30,,,20,20
rally-newworld,NEWWORLD,Aldous Huxley - Brave New World (First Edition),books,True,True,True,2022-10-17,2026-07-22,17,17,0,0,0,,,,95.0,True,True,,18,,17,,2022-09-30,2026-09-30,,,17,17
rally-pappy1,PAPPY1,Pappy Van Winkle Bourbon Assortment,wine and whiskey,True,True,True,2022-12-28,2026-06-26,15,15,0,0,0,,,,95.0,True,True,,16,,15,,2022-12-31,2026-06-30,,,15,15
rally-picnic,PICNIC,Hermès 35cm Picnic Kelly,handbags,True,True,True,2021-04-29,2026-06-29,21,21,0,0,0,,,,208.0,True,True,,22,,21,,2021-03-31,2026-06-30,,,21,21
rally-rabbit,RABBIT,The Tale of Peter Rabbit (First Edition),books,True,True,True,,,0,0,0,0,0,,,,,False,False,missing_secondary_price_observation; missing_observed_market_cap,3,,0,,,,,,0,0
rally-riviera,RIVIERA,1965 Rolex 1601 Datejust Joyera Riviera,watches,True,True,True,2021-09-30,2026-06-26,20,20,0,0,0,,,,95.0,True,True,,21,,20,,2021-09-30,2026-06-30,,,20,20
rally-rlexpepsi,RLEXPEPSI,Rolex GMT-Master II Pepsi Jubilee,watches,True,True,True,2020-03-17,2026-06-29,26,26,0,0,0,,,,152.0,True,True,,27,,26,,2020-03-31,2026-06-30,,,26,26
rally-roosevelt,ROOSEVELT,Theodore Roosevelt - African Game Trails (Signed First Edition),books,True,True,True,2020-06-09,2026-06-30,24,24,0,0,0,,,,157.0,True,True,,25,,24,,2020-06-30,2026-06-30,,,24,24
rally-shkspr4,SHKSPR4,"Shakespeare - Comedies, Histories & Tragedies",books,True,True,True,2020-11-10,2026-06-24,23,23,0,0,0,,,,185.0,True,True,,24,,23,,2020-12-31,2026-06-30,,,23,23
rally-smurf,SMURF,Rolex Submariner Smurf,watches,True,True,True,2020-05-05,2026-06-29,23,23,0,0,0,,,,221.0,True,True,,24,,23,,2020-03-31,2026-06-30,,,23,23
rally-snoopy,SNOOPY,Omega Speedmaster Silver Snoopy,watches,True,True,True,2020-08-18,2026-06-29,24,24,0,0,0,,,,155.0,True,True,,25,,24,,2020-09-30,2026-06-30,,,24,24
rally-soblack,SOBLACK,Hermès 30cm So Black Birkin,handbags,True,True,True,2021-01-05,2026-06-26,23,23,0,0,0,,,,164.0,True,True,,24,,23,,2020-12-31,2026-06-30,,,23,23
rally-steg,STEG,BCQ-24 Stegosaurus Skeleton,fossils,True,True,True,,,0,0,0,0,0,,,,,False,False,missing_secondary_price_observation; missing_observed_market_cap,3,,0,,,,,,0,0
rally-tkam,TKAM,Harper Lee - To Kill a Mockingbird (Signed First Edition),books,True,True,True,,,0,0,0,0,0,,,,,False,False,missing_secondary_price_observation; missing_observed_market_cap,3,,0,,,,,,0,0
rally-tornek,TORNEK,Tornek-Rayville TR-900,watches,True,True,True,2021-11-01,2026-06-24,20,20,0,0,0,,,,94.0,True,True,,21,,20,,2021-09-30,2026-06-30,,,20,20
rally-treasure,TREASURE,Treasure Island (First Edition),books,True,True,True,,,0,0,0,0,0,,,,,False,False,missing_secondary_price_observation; missing_observed_market_cap,3,,0,,,,,,0,0
rally-twocities,TWOCITIES,Charles Dickens - A Tale of Two Cities (First Edition),books,True,True,True,,,0,0,0,0,0,,,,,False,False,missing_secondary_price_observation; missing_observed_market_cap,3,,0,,,,,,0,0
rally-ulysses,ULYSSES,James Joyce - Ulysses (Matisse Signed),books,True,True,True,,,0,0,0,0,0,,,,,False,False,missing_secondary_price_observation; missing_observed_market_cap,3,,0,,,,,,0,0
rally-walden,WALDEN,Henry David Thoreau - Walden (First Edition),books,True,True,True,,,0,0,0,0,0,,,,,False,False,missing_secondary_price_observation; missing_observed_market_cap,3,,0,,,,,,0,0
rally-wildthing,WILDTHING,Where the Wild Things Are (Inscribed First Edition),books,True,True,True,,,0,0,0,0,0,,,,,False,False,missing_secondary_price_observation; missing_observed_market_cap,3,,0,,,,,,0,0
rally-wzrdofoz,WZRDOFOZ,The Wonderful Wizard of Oz (First Edition),books,True,True,True,,,0,0,0,0,0,,,,,False,False,missing_secondary_price_observation; missing_observed_market_cap,3,,0,,,,,,0,0
rally-yoko,YOKO,Yoko Ono - Grapefruit (Signed First Edition),books,True,True,True,,,0,0,0,0,0,,,,,False,False,missing_secondary_price_observation; missing_observed_market_cap,3,,0,,,,,,0,0
