comp_id,category,subcategory,asset_id,source,source_url,date,price_usd,currency,condition,exactness_score,source_confidence,price_type,source_access,venue,auction_name,lot_id,brand,model,reference,size,material,color,hardware,year,title,auction_url,lot_url,raw_text_path,confidence_score,estimate_low_usd,estimate_high_usd,buyer_premium_included,notes
comp-hermes-001,handbags,hermes_birkin,rally-hermes-birkin-35,Sothebys,manual_seed,2026-01-15,182000.0,USD,excellent,0.9,0.82,realized_with_premium,public_page,,,,,,,,,,,,,,,,0.9,,,,Similar size and leather; provenance unverified in seed.
comp-hermes-002,handbags,hermes_birkin,rally-hermes-birkin-35,Christies,manual_seed,2025-08-30,165000.0,USD,very_good,0.82,0.8,realized_with_premium,public_page,,,,,,,,,,,,,,,,0.82,,,,Older sale; condition slightly below target.
comp-hermes-003,handbags,hermes_birkin,rally-hermes-birkin-35,Rebag Report,manual_seed,2025-12-01,176000.0,USD,excellent,0.74,0.72,realized_with_premium,public_page,,,,,,,,,,,,,,,,0.74,,,,Retail-market estimate rather than auction result.
comp-chanel-001,handbags,chanel_flap,rally-chanel-flap,Fashionphile,manual_seed,2026-02-03,104000.0,USD,excellent,0.78,0.7,realized_with_premium,public_page,,,,,,,,,,,,,,,,0.78,,,,Manual seed comp.
comp-chanel-002,handbags,chanel_flap,rally-chanel-flap,The RealReal,manual_seed,2025-10-01,96000.0,USD,very_good,0.7,0.66,realized_with_premium,public_page,,,,,,,,,,,,,,,,0.7,,,,Manual seed comp.
comp-daytona-001,watches,rolex_daytona,rally-rolex-daytona,Phillips,manual_seed,2026-01-20,196000.0,USD,excellent,0.86,0.84,realized_with_premium,public_page,,,,,,,,,,,,,,,,0.86,,,,Manual seed comp.
sothebys-handbags-and-trunks-including-property-of-an-important-private-collector-49,handbags,Kelly,,Sothebys,https://www.sothebys.com/en/buy/auction/2026/handbags-and-accessories-3?locale=en&lotFilter=AllLots,2026-06-23,21760.0,USD,,0.9099999999999999,0.7,realized_with_premium,user_export,New York,Handbags and Trunks: Including Property of An Important Private Collector,49,Hermes,Kelly,,28.0,Epsom,Vert Cypres and Vert Bosphore Casaque,,,"Limited Edition Vert Cyprès and Vert Bosphore Casaque Epsom Kelly 28 Sellier Gold Hardware, 2023",,https://www.sothebys.com/en/buy/auction/2026/handbags-and-accessories-3?locale=en&lotFilter=AllLots,,0.9099999999999999,10000.0,18000.0,True,"Limited Edition Vert Cyprès and Vert Bosphore Casaque Epsom Kelly 28 Sellier Gold Hardware, 2023"
sothebys-handbags-accessories-58,handbags,Kelly,,Sothebys,https://www.sothebys.com/en/buy/auction/2026/handbags-accessories?locale=en&lotFilter=AllLots,2026-02-12,16510.0,USD,,0.73,0.7,realized_with_premium,user_export,New York,Handbags & Accessories,58,Hermes,Kelly,,,,Gold Madame,,,"Gold Madame Kelly Elan Palladium Hardware, 2023",,https://www.sothebys.com/en/buy/auction/2026/handbags-accessories?locale=en&lotFilter=AllLots,,0.73,12000.0,18000.0,True,"Gold Madame Kelly Elan Palladium Hardware, 2023"
sothebys-handbags-accessories-59,handbags,Kelly,,Sothebys,https://www.sothebys.com/en/buy/auction/2026/handbags-accessories?locale=en&lotFilter=AllLots,2026-02-12,8890.0,USD,,0.83,0.7,realized_with_premium,user_export,New York,Handbags & Accessories,59,Hermes,Kelly,,35.0,,Gold Sikkim,,,"Gold Sikkim Kelly 35 Retournè Gold Hardware, 2001",,https://www.sothebys.com/en/buy/auction/2026/handbags-accessories?locale=en&lotFilter=AllLots,,0.83,5000.0,8000.0,True,"Gold Sikkim Kelly 35 Retournè Gold Hardware, 2001"
sothebys-handbags-accessories-60,handbags,Birkin,,Sothebys,https://www.sothebys.com/en/buy/auction/2026/handbags-accessories?locale=en&lotFilter=AllLots,2026-02-12,27940.0,USD,,0.9099999999999999,0.7,realized_with_premium,user_export,New York,Handbags & Accessories,60,Hermes,Birkin,,25.0,Togo,Gold,,,"Gold Togo Birkin 25 Gold Hardware, 2021",,https://www.sothebys.com/en/buy/auction/2026/handbags-accessories?locale=en&lotFilter=AllLots,,0.9099999999999999,15000.0,20000.0,True,"Gold Togo Birkin 25 Gold Hardware, 2021"
sothebys-handbags-accessories-61,handbags,"Limited Edition Gold Swift and Ecru Toile Cargo Picotin Lock 18 Gold Hardware, 2025",,Sothebys,https://www.sothebys.com/en/buy/auction/2026/handbags-accessories?locale=en&lotFilter=AllLots,2026-02-12,6350.0,USD,,0.61,0.7,realized_with_premium,user_export,New York,Handbags & Accessories,61,Hermes,,,,Swift,Gold,,,"Limited Edition Gold Swift and Ecru Toile Cargo Picotin Lock 18 Gold Hardware, 2025",,https://www.sothebys.com/en/buy/auction/2026/handbags-accessories?locale=en&lotFilter=AllLots,,0.61,4000.0,6000.0,True,"Limited Edition Gold Swift and Ecru Toile Cargo Picotin Lock 18 Gold Hardware, 2025"
sothebys-handbags-accessories-65,handbags,Kelly,,Sothebys,https://www.sothebys.com/en/buy/auction/2026/handbags-accessories?locale=en&lotFilter=AllLots,2026-02-12,25400.0,USD,,0.83,0.7,realized_with_premium,user_export,New York,Handbags & Accessories,65,Hermes,Kelly,,25.0,,Black and Rouge H Chevre Mysore HSS,,,"Black and Rouge H Chèvre Mysore HSS Kelly 25 Sellier Gold Hardware, 2024",,https://www.sothebys.com/en/buy/auction/2026/handbags-accessories?locale=en&lotFilter=AllLots,,0.83,18000.0,24000.0,True,"Black and Rouge H Chèvre Mysore HSS Kelly 25 Sellier Gold Hardware, 2024"
sothebys-handbags-accessories-68,handbags,Constance,,Sothebys,https://www.sothebys.com/en/buy/auction/2026/handbags-accessories?locale=en&lotFilter=AllLots,2026-02-12,10160.0,USD,,0.8099999999999999,0.7,realized_with_premium,user_export,New York,Handbags & Accessories,68,Hermes,Constance,,,Alligator,Black Shiny Mississippiensis,,,"Black Shiny Mississippiensis Alligator Constance Long Wallet Gold Hardware, 2017",,https://www.sothebys.com/en/buy/auction/2026/handbags-accessories?locale=en&lotFilter=AllLots,,0.8099999999999999,5000.0,7000.0,True,"Black Shiny Mississippiensis Alligator Constance Long Wallet Gold Hardware, 2017"
sothebys-handbags-accessories-74,handbags,Birkin,,Sothebys,https://www.sothebys.com/en/buy/auction/2026/handbags-accessories?locale=en&lotFilter=AllLots,2026-02-12,63500.0,USD,,0.83,0.7,realized_with_premium,user_export,New York,Handbags & Accessories,74,Hermes,Birkin,,25.0,,Black Volupto Rock,,,"Limited Edition Black Volupto Rock Birkin 25 Palladium Hardware, 2024",,https://www.sothebys.com/en/buy/auction/2026/handbags-accessories?locale=en&lotFilter=AllLots,,0.83,40000.0,60000.0,True,"Limited Edition Black Volupto Rock Birkin 25 Palladium Hardware, 2024"
sothebys-handbags-accessories-75,handbags,Kelly,,Sothebys,https://www.sothebys.com/en/buy/auction/2026/handbags-accessories?locale=en&lotFilter=AllLots,2026-02-12,16510.0,USD,,0.9099999999999999,0.7,realized_with_premium,user_export,New York,Handbags & Accessories,75,Hermes,Kelly,,32.0,Box,Black,,,"Vintage Black Box Kelly 32 Sellier Gold Hardware, 1999",,https://www.sothebys.com/en/buy/auction/2026/handbags-accessories?locale=en&lotFilter=AllLots,,0.9099999999999999,12000.0,18000.0,True,"Vintage Black Box Kelly 32 Sellier Gold Hardware, 1999"
sothebys-handbags-accessories-80,handbags,Birkin,,Sothebys,https://www.sothebys.com/en/buy/auction/2026/handbags-accessories?locale=en&lotFilter=AllLots,2026-02-12,15240.0,USD,,0.9099999999999999,0.7,realized_with_premium,user_export,New York,Handbags & Accessories,80,Hermes,Birkin,,35.0,Epsom,Etain,,,"Etain Epsom Birkin 35 Gold Hardware, 2014",,https://www.sothebys.com/en/buy/auction/2026/handbags-accessories?locale=en&lotFilter=AllLots,,0.9099999999999999,6000.0,10000.0,True,"Etain Epsom Birkin 35 Gold Hardware, 2014"
sothebys-handbags-accessories-82,handbags,Kelly,,Sothebys,https://www.sothebys.com/en/buy/auction/2026/handbags-accessories?locale=en&lotFilter=AllLots,2026-02-12,12700.0,USD,,0.9099999999999999,0.7,realized_with_premium,user_export,New York,Handbags & Accessories,82,Hermes,Kelly,,28.0,Clemence,Anemone,,,"Anemone Clèmence Kelly 28 Retournè Palladium Hardware, 2012",,https://www.sothebys.com/en/buy/auction/2026/handbags-accessories?locale=en&lotFilter=AllLots,,0.9099999999999999,10000.0,16000.0,True,"Anemone Clèmence Kelly 28 Retournè Palladium Hardware, 2012"
sothebys-handbags-accessories-96,handbags,Birkin,,Sothebys,https://www.sothebys.com/en/buy/auction/2026/handbags-accessories?locale=en&lotFilter=AllLots,2026-02-12,12700.0,USD,,0.9099999999999999,0.7,realized_with_premium,user_export,New York,Handbags & Accessories,96,Hermes,Birkin,,35.0,Epsom,Lime and Gris Perle,,,"Limited Edition Lime and Gris Perle Epsom Verso Candy Birkin 35 Palladium Hardware, 2011",,https://www.sothebys.com/en/buy/auction/2026/handbags-accessories?locale=en&lotFilter=AllLots,,0.9099999999999999,8000.0,14000.0,True,"Limited Edition Lime and Gris Perle Epsom Verso Candy Birkin 35 Palladium Hardware, 2011"
sothebys-handbags-accessories-99,handbags,Lindy,,Sothebys,https://www.sothebys.com/en/buy/auction/2026/handbags-accessories?locale=en&lotFilter=AllLots,2026-02-12,3556.0,USD,,0.9099999999999999,0.7,realized_with_premium,user_export,New York,Handbags & Accessories,99,Hermes,Lindy,,34.0,Swift,Vert Anis,,,"Vert Anis Swift Lindy 34 Palladium Hardware, 2007",,https://www.sothebys.com/en/buy/auction/2026/handbags-accessories?locale=en&lotFilter=AllLots,,0.9099999999999999,3000.0,5000.0,True,"Vert Anis Swift Lindy 34 Palladium Hardware, 2007"
sothebys-handbags-accessories-100,handbags,Birkin,,Sothebys,https://www.sothebys.com/en/buy/auction/2026/handbags-accessories?locale=en&lotFilter=AllLots,2026-02-12,13970.0,USD,,0.83,0.7,realized_with_premium,user_export,New York,Handbags & Accessories,100,Hermes,Birkin,,30.0,,Menthe and Vert Anis Chevre Mysore HSS,,,"Menthe and Vert Anis Chèvre Mysore HSS Birkin 30 Gold Hardware, 2013",,https://www.sothebys.com/en/buy/auction/2026/handbags-accessories?locale=en&lotFilter=AllLots,,0.83,11000.0,18000.0,True,"Menthe and Vert Anis Chèvre Mysore HSS Birkin 30 Gold Hardware, 2013"
sothebys-handbags-accessories-101,handbags,Kelly,,Sothebys,https://www.sothebys.com/en/buy/auction/2026/handbags-accessories?locale=en&lotFilter=AllLots,2026-02-12,8890.0,USD,,0.8099999999999999,0.7,realized_with_premium,user_export,New York,Handbags & Accessories,101,Hermes,Kelly,,,Swift,Vert Yucca,,,"Vert Yucca Swift Kelly Moove Gold Hardware, 2024",,https://www.sothebys.com/en/buy/auction/2026/handbags-accessories?locale=en&lotFilter=AllLots,,0.8099999999999999,8000.0,14000.0,True,"Vert Yucca Swift Kelly Moove Gold Hardware, 2024"
sothebys-handbags-accessories-110,handbags,"Vintage Black Shiny Crocodile Vanity Case Gold Hardware, circa 1950",,Sothebys,https://www.sothebys.com/en/buy/auction/2026/handbags-accessories?locale=en&lotFilter=AllLots,2026-02-12,3175.0,USD,,0.61,0.7,realized_with_premium,user_export,New York,Handbags & Accessories,110,Hermes,,,,Crocodile,Black Shiny,,,"Vintage Black Shiny Crocodile Vanity Case Gold Hardware, circa 1950",,https://www.sothebys.com/en/buy/auction/2026/handbags-accessories?locale=en&lotFilter=AllLots,,0.61,8000.0,12000.0,True,"Vintage Black Shiny Crocodile Vanity Case Gold Hardware, circa 1950"
sothebys-handbags-accessories-117,handbags,Les Necessaires d'Hermès Ivory Onyx and Oak Large Satellite Coffee Table,,Sothebys,https://www.sothebys.com/en/buy/auction/2026/handbags-accessories?locale=en&lotFilter=AllLots,2026-02-12,7620.0,USD,,0.53,0.7,realized_with_premium,user_export,New York,Handbags & Accessories,117,Hermes,,,,,Les Necessaires d'Hermes Ivory Onyx and Oak Large Satellite Coffee Table,,,Les Necessaires d'Hermès Ivory Onyx and Oak Large Satellite Coffee Table,,https://www.sothebys.com/en/buy/auction/2026/handbags-accessories?locale=en&lotFilter=AllLots,,0.53,8000.0,12000.0,True,Les Necessaires d'Hermès Ivory Onyx and Oak Large Satellite Coffee Table
sothebys-handbags-accessories-62,handbags,Birkin,,Sothebys,https://www.sothebys.com/en/buy/auction/2025/handbags-accessories-3?locale=en,2025-12-15,40640.0,USD,,0.9099999999999999,0.7,realized_with_premium,user_export,New York,Handbags & Accessories,62,Hermes,Birkin,,35.0,Togo,Black,,,"Black Togo Birkin 35 Gold Hardware, 2022",,https://www.sothebys.com/en/buy/auction/2025/handbags-accessories-3?locale=en,,0.9099999999999999,10000.0,16000.0,True,"Black Togo Birkin 35 Gold Hardware, 2022"
sothebys-handbags-accessories-63,handbags,Constance,,Sothebys,https://www.sothebys.com/en/buy/auction/2025/handbags-accessories-3?locale=en,2025-12-15,19050.0,USD,,0.9099999999999999,0.7,realized_with_premium,user_export,New York,Handbags & Accessories,63,Hermes,Constance,,18.0,Epsom,Black,,,"Black Epsom Mini Constance 18 Brushed Gold Hardware, 2025",,https://www.sothebys.com/en/buy/auction/2025/handbags-accessories-3?locale=en,,0.9099999999999999,8000.0,14000.0,True,"Black Epsom Mini Constance 18 Brushed Gold Hardware, 2025"
sothebys-handbags-accessories-64,handbags,Kelly,,Sothebys,https://www.sothebys.com/en/buy/auction/2025/handbags-accessories-3?locale=en,2025-12-15,7620.0,USD,,0.9099999999999999,0.7,realized_with_premium,user_export,New York,Handbags & Accessories,64,Hermes,Kelly,,35.0,Box,Black,,,"Vintage Black Box Kelly 35 Sellier Gold Hardware, 1985",,https://www.sothebys.com/en/buy/auction/2025/handbags-accessories-3?locale=en,,0.9099999999999999,4000.0,8000.0,True,"Vintage Black Box Kelly 35 Sellier Gold Hardware, 1985"
sothebys-handbags-accessories-66,handbags,Kelly,,Sothebys,https://www.sothebys.com/en/buy/auction/2025/handbags-accessories-3?locale=en,2025-12-15,16510.0,USD,,0.9099999999999999,0.7,realized_with_premium,user_export,New York,Handbags & Accessories,66,Hermes,Kelly,,28.0,Porosus Crocodile,Black Shiny,,,"Vintage Black Shiny Porosus Crocodile Kelly 28 Sellier Gold Hardware, 1995",,https://www.sothebys.com/en/buy/auction/2025/handbags-accessories-3?locale=en,,0.9099999999999999,10000.0,16000.0,True,"Vintage Black Shiny Porosus Crocodile Kelly 28 Sellier Gold Hardware, 1995"
sothebys-handbags-accessories-67,handbags,Constance,,Sothebys,https://www.sothebys.com/en/buy/auction/2025/handbags-accessories-3?locale=en,2025-12-15,9525.0,USD,,0.9099999999999999,0.7,realized_with_premium,user_export,New York,Handbags & Accessories,67,Hermes,Constance,,23.0,Lizard,Black Shiny,,,"Vintage Black Shiny Lizard Constance 23 Gold Hardware, 1960s",,https://www.sothebys.com/en/buy/auction/2025/handbags-accessories-3?locale=en,,0.9099999999999999,5000.0,8000.0,True,"Vintage Black Shiny Lizard Constance 23 Gold Hardware, 1960s"
sothebys-handbags-accessories-69,handbags,Birkin,,Sothebys,https://www.sothebys.com/en/buy/auction/2025/handbags-accessories-3?locale=en,2025-12-15,12065.0,USD,,0.9099999999999999,0.7,realized_with_premium,user_export,New York,Handbags & Accessories,69,Hermes,Birkin,,35.0,Togo,Black,,,"Black Togo Birkin 35 Rose Gold Hardware, 2018",,https://www.sothebys.com/en/buy/auction/2025/handbags-accessories-3?locale=en,,0.9099999999999999,8000.0,14000.0,True,"Black Togo Birkin 35 Rose Gold Hardware, 2018"
sothebys-handbags-accessories-70,handbags,Kelly,,Sothebys,https://www.sothebys.com/en/buy/auction/2025/handbags-accessories-3?locale=en,2025-12-15,25400.0,USD,,0.73,0.7,realized_with_premium,user_export,New York,Handbags & Accessories,70,Hermes,Kelly,,,,18K White Gold and Diamond Precieux,,,"18K White Gold and Diamond Précieux Kelly Pendant Necklace, 2023",,https://www.sothebys.com/en/buy/auction/2025/handbags-accessories-3?locale=en,,0.73,30000.0,40000.0,True,"18K White Gold and Diamond Précieux Kelly Pendant Necklace, 2023"
sothebys-handbags-accessories-71,handbags,Lindy,,Sothebys,https://www.sothebys.com/en/buy/auction/2025/handbags-accessories-3?locale=en,2025-12-15,7620.0,USD,,0.9099999999999999,0.7,realized_with_premium,user_export,New York,Handbags & Accessories,71,Hermes,Lindy,,20.0,Swift,White,,,"White Swift Mini Lindy 20 Palladium Hardware, 2023",,https://www.sothebys.com/en/buy/auction/2025/handbags-accessories-3?locale=en,,0.9099999999999999,6000.0,9000.0,True,"White Swift Mini Lindy 20 Palladium Hardware, 2023"
sothebys-handbags-accessories-72,handbags,Birkin,,Sothebys,https://www.sothebys.com/en/buy/auction/2025/handbags-accessories-3?locale=en,2025-12-15,11430.0,USD,,0.9099999999999999,0.7,realized_with_premium,user_export,New York,Handbags & Accessories,72,Hermes,Birkin,,35.0,Togo,White,,,"White Togo Birkin 35 Palladium Hardware, 2011",,https://www.sothebys.com/en/buy/auction/2025/handbags-accessories-3?locale=en,,0.9099999999999999,8000.0,14000.0,True,"White Togo Birkin 35 Palladium Hardware, 2011"
sothebys-handbags-accessories-73,handbags,Birkin,,Sothebys,https://www.sothebys.com/en/buy/auction/2025/handbags-accessories-3?locale=en,2025-12-15,20320.0,USD,,0.9099999999999999,0.7,realized_with_premium,user_export,New York,Handbags & Accessories,73,Hermes,Birkin,,30.0,Epsom,White,,,"White Epsom Birkin 30 Gold Hardware, 2014",,https://www.sothebys.com/en/buy/auction/2025/handbags-accessories-3?locale=en,,0.9099999999999999,11000.0,18000.0,True,"White Epsom Birkin 30 Gold Hardware, 2014"
sothebys-handbags-accessories-76,handbags,Birkin,,Sothebys,https://www.sothebys.com/en/buy/auction/2025/handbags-accessories-3?locale=en,2025-12-15,31750.0,USD,,0.9099999999999999,0.7,realized_with_premium,user_export,New York,Handbags & Accessories,76,Hermes,Birkin,,25.0,Togo,Gris Pantin,,,"Gris Pantin Togo Birkin 25 Gold Hardware, 2025",,https://www.sothebys.com/en/buy/auction/2025/handbags-accessories-3?locale=en,,0.9099999999999999,16000.0,25000.0,True,"Gris Pantin Togo Birkin 25 Gold Hardware, 2025"
sothebys-handbags-accessories-77,handbags,Birkin,,Sothebys,https://www.sothebys.com/en/buy/auction/2025/handbags-accessories-3?locale=en,2025-12-15,11430.0,USD,,0.9099999999999999,0.7,realized_with_premium,user_export,New York,Handbags & Accessories,77,Hermes,Birkin,,40.0,Clemence,Bleu Glacier,,,"Bleu Glacier Clèmence Birkin 40 Palladium Hardware, 2014",,https://www.sothebys.com/en/buy/auction/2025/handbags-accessories-3?locale=en,,0.9099999999999999,6000.0,12000.0,True,"Bleu Glacier Clèmence Birkin 40 Palladium Hardware, 2014"
sothebys-handbags-accessories-78,handbags,Birkin,,Sothebys,https://www.sothebys.com/en/buy/auction/2025/handbags-accessories-3?locale=en,2025-12-15,17780.0,USD,,0.9099999999999999,0.7,realized_with_premium,user_export,New York,Handbags & Accessories,78,Hermes,Birkin,,30.0,Clemence,Bleu Azur,,,"Bleu Azur Clèmence Birkin 30 Palladium Hardware, 2014",,https://www.sothebys.com/en/buy/auction/2025/handbags-accessories-3?locale=en,,0.9099999999999999,11000.0,18000.0,True,"Bleu Azur Clèmence Birkin 30 Palladium Hardware, 2014"
sothebys-handbags-accessories-79,handbags,Birkin,,Sothebys,https://www.sothebys.com/en/buy/auction/2025/handbags-accessories-3?locale=en,2025-12-15,22860.0,USD,,0.9099999999999999,0.7,realized_with_premium,user_export,New York,Handbags & Accessories,79,Hermes,Birkin,,30.0,Ostrich,Bleu Mykonos,,,"Bleu Mykonos Ostrich Birkin 30 Palladium Hardware, 2011",,https://www.sothebys.com/en/buy/auction/2025/handbags-accessories-3?locale=en,,0.9099999999999999,12000.0,18000.0,True,"Bleu Mykonos Ostrich Birkin 30 Palladium Hardware, 2011"
sothebys-handbags-accessories-81,handbags,Kelly,,Sothebys,https://www.sothebys.com/en/buy/auction/2025/handbags-accessories-3?locale=en,2025-12-15,6350.0,USD,,0.9099999999999999,0.7,realized_with_premium,user_export,New York,Handbags & Accessories,81,Hermes,Kelly,,35.0,Togo,Bleu Paradis,,,"Bleu Paradis Togo Kelly 35 Retourné Palladium Hardware, 2014",,https://www.sothebys.com/en/buy/auction/2025/handbags-accessories-3?locale=en,,0.9099999999999999,5000.0,9000.0,True,"Bleu Paradis Togo Kelly 35 Retourné Palladium Hardware, 2014"
sothebys-handbags-accessories-83,handbags,Birkin,,Sothebys,https://www.sothebys.com/en/buy/auction/2025/handbags-accessories-3?locale=en,2025-12-15,16510.0,USD,,0.9099999999999999,0.7,realized_with_premium,user_export,New York,Handbags & Accessories,83,Hermes,Birkin,,30.0,Epsom,Bleu Zanzibar,,,"Bleu Zanzibar Epsom Birkin 30 Gold Hardware, 2017",,https://www.sothebys.com/en/buy/auction/2025/handbags-accessories-3?locale=en,,0.9099999999999999,10000.0,16000.0,True,"Bleu Zanzibar Epsom Birkin 30 Gold Hardware, 2017"
sothebys-handbags-accessories-84,handbags,Birkin,,Sothebys,https://www.sothebys.com/en/buy/auction/2025/handbags-accessories-3?locale=en,2025-12-15,11430.0,USD,,0.9099999999999999,0.7,realized_with_premium,user_export,New York,Handbags & Accessories,84,Hermes,Birkin,,35.0,Epsom,Bleu du Nord and Bleu Thalassa Verso,,,"Bleu du Nord and Bleu Thalassa Verso Epsom Birkin 35 Palladium Hardware, 2013",,https://www.sothebys.com/en/buy/auction/2025/handbags-accessories-3?locale=en,,0.9099999999999999,8000.0,14000.0,True,"Bleu du Nord and Bleu Thalassa Verso Epsom Birkin 35 Palladium Hardware, 2013"
sothebys-handbags-accessories-85,handbags,Kelly,,Sothebys,https://www.sothebys.com/en/buy/auction/2025/handbags-accessories-3?locale=en,2025-12-15,8255.0,USD,,0.9099999999999999,0.7,realized_with_premium,user_export,New York,Handbags & Accessories,85,Hermes,Kelly,,28.0,Clemence,Bleu Jean,,,"Bleu Jean Clèmence Kelly 28 Retourné Palladium Hardware, 2007",,https://www.sothebys.com/en/buy/auction/2025/handbags-accessories-3?locale=en,,0.9099999999999999,6000.0,10000.0,True,"Bleu Jean Clèmence Kelly 28 Retourné Palladium Hardware, 2007"
sothebys-handbags-accessories-88,handbags,Kelly,,Sothebys,https://www.sothebys.com/en/buy/auction/2025/handbags-accessories-3?locale=en,2025-12-15,13970.0,USD,,0.9099999999999999,0.7,realized_with_premium,user_export,New York,Handbags & Accessories,88,Hermes,Kelly,,28.0,Clemence,Bleu Atoll,,,"Bleu Atoll Clèmence Kelly 28 Retourné Gold Hardware, 2015",,https://www.sothebys.com/en/buy/auction/2025/handbags-accessories-3?locale=en,,0.9099999999999999,11000.0,16000.0,True,"Bleu Atoll Clèmence Kelly 28 Retourné Gold Hardware, 2015"
sothebys-handbags-accessories-89,handbags,Birkin,,Sothebys,https://www.sothebys.com/en/buy/auction/2025/handbags-accessories-3?locale=en,2025-12-15,8890.0,USD,,0.83,0.7,realized_with_premium,user_export,New York,Handbags & Accessories,89,Hermes,Birkin,,35.0,,Bleu Colvert Fjord,,,"Bleu Colvert Fjord Birkin 35 Palladium Hardware, 2012",,https://www.sothebys.com/en/buy/auction/2025/handbags-accessories-3?locale=en,,0.83,7000.0,12000.0,True,"Bleu Colvert Fjord Birkin 35 Palladium Hardware, 2012"
sothebys-handbags-accessories-90,handbags,HAC,,Sothebys,https://www.sothebys.com/en/buy/auction/2025/handbags-accessories-3?locale=en,2025-12-15,12065.0,USD,,0.8099999999999999,0.7,realized_with_premium,user_export,New York,Handbags & Accessories,90,Hermes,HAC,,,Togo,Bleu Nuit,,,"Bleu Nuit Togo HAC Haut à Courroies 40 Palladium Hardware, 2022",,https://www.sothebys.com/en/buy/auction/2025/handbags-accessories-3?locale=en,,0.8099999999999999,9000.0,14000.0,True,"Bleu Nuit Togo HAC Haut à Courroies 40 Palladium Hardware, 2022"
sothebys-handbags-accessories-91,handbags,Birkin,,Sothebys,https://www.sothebys.com/en/buy/auction/2025/handbags-accessories-3?locale=en,2025-12-15,16510.0,USD,,0.9099999999999999,0.7,realized_with_premium,user_export,New York,Handbags & Accessories,91,Hermes,Birkin,,30.0,Clemence,Bleu Encre,,,"Bleu Encre Clèmence Birkin 30 Gold Hardware, 2018",,https://www.sothebys.com/en/buy/auction/2025/handbags-accessories-3?locale=en,,0.9099999999999999,12000.0,18000.0,True,"Bleu Encre Clèmence Birkin 30 Gold Hardware, 2018"
sothebys-handbags-accessories-93,handbags,Kelly,,Sothebys,https://www.sothebys.com/en/buy/auction/2025/handbags-accessories-3?locale=en,2025-12-15,11430.0,USD,,0.83,0.7,realized_with_premium,user_export,New York,Handbags & Accessories,93,Hermes,Kelly,,50.0,,Bleu De Malte Novillo Voyage,,,"Bleu De Malte Novillo Voyage Kelly 50 Retourné Palladium Hardware, 2021",,https://www.sothebys.com/en/buy/auction/2025/handbags-accessories-3?locale=en,,0.83,9000.0,14000.0,True,"Bleu De Malte Novillo Voyage Kelly 50 Retourné Palladium Hardware, 2021"
sothebys-handbags-accessories-94,handbags,Kelly,,Sothebys,https://www.sothebys.com/en/buy/auction/2025/handbags-accessories-3?locale=en,2025-12-15,10795.0,USD,,0.9099999999999999,0.7,realized_with_premium,user_export,New York,Handbags & Accessories,94,Hermes,Kelly,,25.0,Swift,Bleu Saphir,,,"Bleu Saphir Swift Kelly 25 Retourné Palladium Hardware, 2010",,https://www.sothebys.com/en/buy/auction/2025/handbags-accessories-3?locale=en,,0.9099999999999999,13000.0,18000.0,True,"Bleu Saphir Swift Kelly 25 Retourné Palladium Hardware, 2010"
sothebys-handbags-accessories-95,handbags,Birkin,,Sothebys,https://www.sothebys.com/en/buy/auction/2025/handbags-accessories-3?locale=en,2025-12-15,7620.0,USD,,0.83,0.7,realized_with_premium,user_export,New York,Handbags & Accessories,95,Hermes,Birkin,,35.0,,Bleu Encre Novillo,,,"Bleu Encre Novillo Birkin 35 Gold Hardware, 2011",,https://www.sothebys.com/en/buy/auction/2025/handbags-accessories-3?locale=en,,0.83,6000.0,8000.0,True,"Bleu Encre Novillo Birkin 35 Gold Hardware, 2011"
sothebys-handbags-accessories-97,handbags,Kelly,,Sothebys,https://www.sothebys.com/en/buy/auction/2025/handbags-accessories-3?locale=en,2025-12-15,15240.0,USD,,0.9099999999999999,0.7,realized_with_premium,user_export,New York,Handbags & Accessories,97,Hermes,Kelly,,28.0,Epsom,Bleu Electrique,,,"Bleu Electrique Epsom and Rouge Vif Verso HSS Kelly 28 Sellier Permabrass Hardware, 2017",,https://www.sothebys.com/en/buy/auction/2025/handbags-accessories-3?locale=en,,0.9099999999999999,10000.0,18000.0,True,"Bleu Electrique Epsom and Rouge Vif Verso HSS Kelly 28 Sellier Permabrass Hardware, 2017"
sothebys-handbags-accessories-103,handbags,Birkin,,Sothebys,https://www.sothebys.com/en/buy/auction/2025/handbags-accessories-3?locale=en,2025-12-15,12700.0,USD,,0.9099999999999999,0.7,realized_with_premium,user_export,New York,Handbags & Accessories,103,Hermes,Birkin,,30.0,Clemence,Raisin,,,"Raisin Clèmence Birkin 30 Gold Hardware, 2014",,https://www.sothebys.com/en/buy/auction/2025/handbags-accessories-3?locale=en,,0.9099999999999999,10000.0,16000.0,True,"Raisin Clèmence Birkin 30 Gold Hardware, 2014"
sothebys-handbags-accessories-105,handbags,Kelly,,Sothebys,https://www.sothebys.com/en/buy/auction/2025/handbags-accessories-3?locale=en,2025-12-15,8890.0,USD,,0.9099999999999999,0.7,realized_with_premium,user_export,New York,Handbags & Accessories,105,Hermes,Kelly,,28.0,Box,Rouge H,,,"Vintage Rouge H Box and Toile Kelly 28 Retourné Gold Hardware, 1950",,https://www.sothebys.com/en/buy/auction/2025/handbags-accessories-3?locale=en,,0.9099999999999999,5000.0,9000.0,True,"Vintage Rouge H Box and Toile Kelly 28 Retourné Gold Hardware, 1950"
sothebys-handbags-accessories-106,handbags,Kelly,,Sothebys,https://www.sothebys.com/en/buy/auction/2025/handbags-accessories-3?locale=en,2025-12-15,7620.0,USD,,0.9099999999999999,0.7,realized_with_premium,user_export,New York,Handbags & Accessories,106,Hermes,Kelly,,35.0,Box,Rouge H,,,"Vintage Rouge H Box Kelly 35 Sellier Gold Hardware, 1992",,https://www.sothebys.com/en/buy/auction/2025/handbags-accessories-3?locale=en,,0.9099999999999999,4000.0,8000.0,True,"Vintage Rouge H Box Kelly 35 Sellier Gold Hardware, 1992"
sothebys-handbags-accessories-107,handbags,"Marron Foncè Buffalo Cabana Tote Palladium Hardware, 2009",,Sothebys,https://www.sothebys.com/en/buy/auction/2025/handbags-accessories-3?locale=en,2025-12-15,3810.0,USD,,0.53,0.7,realized_with_premium,user_export,New York,Handbags & Accessories,107,Hermes,,,,,"Marron Fonce Buffalo Cabana Tote Palladium Hardware, 2009",,,"Marron Foncè Buffalo Cabana Tote Palladium Hardware, 2009",,https://www.sothebys.com/en/buy/auction/2025/handbags-accessories-3?locale=en,,0.53,4000.0,6000.0,True,"Marron Foncè Buffalo Cabana Tote Palladium Hardware, 2009"
sothebys-handbags-accessories-108,handbags,Birkin,,Sothebys,https://www.sothebys.com/en/buy/auction/2025/handbags-accessories-3?locale=en,2025-12-15,25400.0,USD,,0.9099999999999999,0.7,realized_with_premium,user_export,New York,Handbags & Accessories,108,Hermes,Birkin,,35.0,Niloticus Crocodile,Fauve Matte,,,"Fauve Matte Niloticus Crocodile Birkin 35 Palladium Hardware, 2011",,https://www.sothebys.com/en/buy/auction/2025/handbags-accessories-3?locale=en,,0.9099999999999999,18000.0,28000.0,True,"Fauve Matte Niloticus Crocodile Birkin 35 Palladium Hardware, 2011"
sothebys-handbags-accessories-109,handbags,Birkin,,Sothebys,https://www.sothebys.com/en/buy/auction/2025/handbags-accessories-3?locale=en,2025-12-15,53340.0,USD,,0.9099999999999999,0.7,realized_with_premium,user_export,New York,Handbags & Accessories,109,Hermes,Birkin,,25.0,Niloticus Crocodile,Havane Shiny,,,"Havane Shiny Niloticus Crocodile Birkin 25 Gold Hardware, 2011",,https://www.sothebys.com/en/buy/auction/2025/handbags-accessories-3?locale=en,,0.9099999999999999,40000.0,60000.0,True,"Havane Shiny Niloticus Crocodile Birkin 25 Gold Hardware, 2011"
sothebys-handbags-accessories-111,handbags,Birkin,,Sothebys,https://www.sothebys.com/en/buy/auction/2025/handbags-accessories-3?locale=en,2025-12-15,44450.0,USD,,0.9099999999999999,0.7,realized_with_premium,user_export,New York,Handbags & Accessories,111,Hermes,Birkin,,30.0,Porosus Crocodile,Gris Elephant Matte,,,"Gris Eléphant Matte Porosus Crocodile Birkin 30 Gold Hardware, 2022",,https://www.sothebys.com/en/buy/auction/2025/handbags-accessories-3?locale=en,,0.9099999999999999,32000.0,50000.0,True,"Gris Eléphant Matte Porosus Crocodile Birkin 30 Gold Hardware, 2022"
sothebys-handbags-accessories-112,handbags,Birkin,,Sothebys,https://www.sothebys.com/en/buy/auction/2025/handbags-accessories-3?locale=en,2025-12-15,10160.0,USD,,0.83,0.7,realized_with_premium,user_export,New York,Handbags & Accessories,112,Hermes,Birkin,,35.0,,Noisette Courchevel,,,"Noisette Courchevel Birkin 35 Gold Hardware, 2002",,https://www.sothebys.com/en/buy/auction/2025/handbags-accessories-3?locale=en,,0.83,8000.0,14000.0,True,"Noisette Courchevel Birkin 35 Gold Hardware, 2002"
sothebys-handbags-accessories-113,handbags,Kelly,,Sothebys,https://www.sothebys.com/en/buy/auction/2025/handbags-accessories-3?locale=en,2025-12-15,8255.0,USD,,0.83,0.7,realized_with_premium,user_export,New York,Handbags & Accessories,113,Hermes,Kelly,,32.0,,Gold Courchevel,,,"Vintage Gold Courchevel Kelly 32 Sellier Gold Hardware, 1995",,https://www.sothebys.com/en/buy/auction/2025/handbags-accessories-3?locale=en,,0.83,5000.0,8000.0,True,"Vintage Gold Courchevel Kelly 32 Sellier Gold Hardware, 1995"
sothebys-handbags-accessories-114,handbags,"Gold Clèmence Picotin Lock 18 Palladium Hardware, 2022",,Sothebys,https://www.sothebys.com/en/buy/auction/2025/handbags-accessories-3?locale=en,2025-12-15,6350.0,USD,,0.61,0.7,realized_with_premium,user_export,New York,Handbags & Accessories,114,Hermes,,,,Clemence,Gold,,,"Gold Clèmence Picotin Lock 18 Palladium Hardware, 2022",,https://www.sothebys.com/en/buy/auction/2025/handbags-accessories-3?locale=en,,0.61,4000.0,6000.0,True,"Gold Clèmence Picotin Lock 18 Palladium Hardware, 2022"
sothebys-handbags-accessories-115,handbags,"Limited Edition Gold Swift and Ecru Toile Cargo Picotin Lock 18 Gold Hardware, 2025",,Sothebys,https://www.sothebys.com/en/buy/auction/2025/handbags-accessories-3?locale=en,2025-12-15,11430.0,USD,,0.61,0.7,realized_with_premium,user_export,New York,Handbags & Accessories,115,Hermes,,,,Swift,Gold,,,"Limited Edition Gold Swift and Ecru Toile Cargo Picotin Lock 18 Gold Hardware, 2025",,https://www.sothebys.com/en/buy/auction/2025/handbags-accessories-3?locale=en,,0.61,4000.0,6000.0,True,"Limited Edition Gold Swift and Ecru Toile Cargo Picotin Lock 18 Gold Hardware, 2025"
sothebys-handbags-accessories-116,handbags,Kelly,,Sothebys,https://www.sothebys.com/en/buy/auction/2025/handbags-accessories-3?locale=en,2025-12-15,4445.0,USD,,0.83,0.7,realized_with_premium,user_export,New York,Handbags & Accessories,116,Hermes,Kelly,,32.0,,Gold Courchevel and Ecru Crinoline,,,"Vintage Gold Courchevel and Ecru Crinoline Kelly 32 Sellier Gold Hardware, 1983",,https://www.sothebys.com/en/buy/auction/2025/handbags-accessories-3?locale=en,,0.83,4000.0,6000.0,True,"Vintage Gold Courchevel and Ecru Crinoline Kelly 32 Sellier Gold Hardware, 1983"
sothebys-handbags-accessories-118,handbags,Kelly,,Sothebys,https://www.sothebys.com/en/buy/auction/2025/handbags-accessories-3?locale=en,2025-12-15,24130.0,USD,,0.9099999999999999,0.7,realized_with_premium,user_export,New York,Handbags & Accessories,118,Hermes,Kelly,,20.0,Epsom,Etoupe,,,"Etoupe Epsom Mini Kelly 20 II Palladium Hardware, 2024",,https://www.sothebys.com/en/buy/auction/2025/handbags-accessories-3?locale=en,,0.9099999999999999,16000.0,22000.0,True,"Etoupe Epsom Mini Kelly 20 II Palladium Hardware, 2024"
sothebys-handbags-accessories-119,handbags,Birkin,,Sothebys,https://www.sothebys.com/en/buy/auction/2025/handbags-accessories-3?locale=en,2025-12-15,15240.0,USD,,0.9099999999999999,0.7,realized_with_premium,user_export,New York,Handbags & Accessories,119,Hermes,Birkin,,35.0,Togo,Etoupe,,,"Etoupe Togo Birkin 35 Palladium Hardware, 2019",,https://www.sothebys.com/en/buy/auction/2025/handbags-accessories-3?locale=en,,0.9099999999999999,9000.0,14000.0,True,"Etoupe Togo Birkin 35 Palladium Hardware, 2019"
sothebys-handbags-accessories-120,handbags,Birkin,,Sothebys,https://www.sothebys.com/en/buy/auction/2025/handbags-accessories-3?locale=en,2025-12-15,10795.0,USD,,0.9099999999999999,0.7,realized_with_premium,user_export,New York,Handbags & Accessories,120,Hermes,Birkin,,35.0,Togo,Gris Tourterelle,,,"Gris Tourterelle Togo Birkin 35 Palladium Hardware, 2007",,https://www.sothebys.com/en/buy/auction/2025/handbags-accessories-3?locale=en,,0.9099999999999999,7000.0,14000.0,True,"Gris Tourterelle Togo Birkin 35 Palladium Hardware, 2007"
sothebys-handbags-accessories-121,handbags,Birkin,,Sothebys,https://www.sothebys.com/en/buy/auction/2025/handbags-accessories-3?locale=en,2025-12-15,10160.0,USD,,0.9099999999999999,0.7,realized_with_premium,user_export,New York,Handbags & Accessories,121,Hermes,Birkin,,35.0,Epsom,Gris Etain and Bleu Thalassa Verso,,,"Gris Etain and Bleu Thalassa Verso Epsom Birkin 35 Palladium Hardware, 2011",,https://www.sothebys.com/en/buy/auction/2025/handbags-accessories-3?locale=en,,0.9099999999999999,7000.0,12000.0,True,"Gris Etain and Bleu Thalassa Verso Epsom Birkin 35 Palladium Hardware, 2011"
sothebys-handbags-accessories-122,handbags,Kelly,,Sothebys,https://www.sothebys.com/en/buy/auction/2025/handbags-accessories-3?locale=en,2025-12-15,25400.0,USD,,0.9099999999999999,0.7,realized_with_premium,user_export,New York,Handbags & Accessories,122,Hermes,Kelly,,20.0,Epsom,Gris Aslphalte,,,"Gris Aslphalte Epsom Mini Kelly 20 II Gold Hardware, 2019",,https://www.sothebys.com/en/buy/auction/2025/handbags-accessories-3?locale=en,,0.9099999999999999,15000.0,22000.0,True,"Gris Aslphalte Epsom Mini Kelly 20 II Gold Hardware, 2019"
sothebys-handbags-accessories-123,handbags,Kelly,,Sothebys,https://www.sothebys.com/en/buy/auction/2025/handbags-accessories-3?locale=en,2025-12-15,13970.0,USD,,0.8099999999999999,0.7,realized_with_premium,user_export,New York,Handbags & Accessories,123,Hermes,Kelly,,,Ostrich,Gris Tourterelle,,,"Gris Tourterelle Ostrich Kelly Pochette Palladium Hardware, 2009",,https://www.sothebys.com/en/buy/auction/2025/handbags-accessories-3?locale=en,,0.8099999999999999,10000.0,16000.0,True,"Gris Tourterelle Ostrich Kelly Pochette Palladium Hardware, 2009"
