date,asset_id,bid,ask,last,volume,market_cap_usd,source,event_type,precision_status,source_reference,observed_at,period_end,frequency
2026-06-24,rally-hermes-birkin-35,11.6,12.35,12.0,160.0,168000.0,manual_seed,,,,,,
2026-06-25,rally-hermes-birkin-35,11.7,12.3,12.05,0.0,168700.0,manual_seed,,,,,,
2026-06-26,rally-hermes-birkin-35,11.75,12.4,12.1,90.0,169400.0,manual_seed,,,,,,
2026-06-27,rally-hermes-birkin-35,11.72,12.42,12.08,0.0,169120.0,manual_seed,,,,,,
2026-06-30,rally-hermes-birkin-35,11.8,12.45,12.0,120.0,168000.0,manual_seed,,,,,,
2026-07-01,rally-hermes-birkin-35,11.85,12.5,12.0,0.0,168000.0,manual_seed,,,,,,
2026-06-24,rally-chanel-flap,5.25,5.7,5.4,80.0,97200.0,manual_seed,,,,,,
2026-06-25,rally-chanel-flap,5.3,5.75,5.45,0.0,98100.0,manual_seed,,,,,,
2026-06-30,rally-chanel-flap,5.3,5.8,5.5,50.0,99000.0,manual_seed,,,,,,
2026-07-01,rally-chanel-flap,5.3,5.85,5.5,0.0,99000.0,manual_seed,,,,,,
2026-06-24,rally-rolex-daytona,22.8,24.1,23.3,45.0,186400.0,manual_seed,,,,,,
2026-06-30,rally-rolex-daytona,23.0,24.3,23.5,40.0,188000.0,manual_seed,,,,,,
2026-07-01,rally-rolex-daytona,23.0,24.4,23.5,0.0,188000.0,manual_seed,,,,,,
2026-07-02,rally-soblack,,,35.2,0.0,35200.0,rally_portfolio_capture,,,,,,
2026-07-02,rally-birkintan,,,27.95,0.0,28000.0,rally_portfolio_capture,,,,,,
2026-07-02,rally-himalaya,,,46.9,0.0,93800.0,rally_portfolio_capture,,,,,,
2026-07-02,rally-birkinbor,,,17.0,0.0,34000.0,rally_portfolio_capture,,,,,,
2021-04-20,rally-03tache,,,3.0,0.0,46800.0,manual:chart_observation:chart_estimate:rally_app_chart,chart_observation,chart_estimate,Rally App,2021-04-20T00:00:00Z,2021-03-31,quarterly
2021-06-25,rally-03tache,,,3.75,0.0,58500.0,manual:chart_observation:exact:rally_app_chart,chart_observation,exact,Rally App,2021-06-25T00:00:00Z,2021-06-30,quarterly
2021-09-10,rally-03tache,,,4.6,0.0,71760.0,manual:chart_observation:exact:rally_app_chart,chart_observation,exact,Rally App,2021-09-10T00:00:00Z,2021-09-30,quarterly
2022-02-14,rally-03tache,,,4.1,0.0,63960.0,manual:chart_observation:chart_estimate:rally_app_chart,chart_observation,chart_estimate,Rally App,2022-02-14T00:00:00Z,2022-03-31,quarterly
2022-06-30,rally-03tache,,,3.9,0.0,60840.0,manual:chart_observation:exact:rally_app_chart,chart_observation,exact,Rally App,2022-06-30T00:00:00Z,2022-06-30,quarterly
2022-09-26,rally-03tache,,,4.05,0.0,63180.0,manual:chart_observation:exact:rally_app_chart,chart_observation,exact,Rally App,2022-09-26T00:00:00Z,2022-09-30,quarterly
2022-12-29,rally-03tache,,,4.6,0.0,71760.0,manual:chart_observation:exact:rally_app_chart,chart_observation,exact,Rally App,2022-12-29T00:00:00Z,2022-12-31,quarterly
2023-03-27,rally-03tache,,,5.0,0.0,78000.0,manual:chart_observation:exact:rally_app_chart,chart_observation,exact,Rally App,2023-03-27T00:00:00Z,2023-03-31,quarterly
2023-06-29,rally-03tache,,,4.85,0.0,75660.0,manual:chart_observation:exact:rally_app_chart,chart_observation,exact,Rally App,2023-06-29T00:00:00Z,2023-06-30,quarterly
2023-09-25,rally-03tache,,,4.75,0.0,74100.0,manual:chart_observation:exact:rally_app_chart,chart_observation,exact,Rally App,2023-09-25T00:00:00Z,2023-09-30,quarterly
2023-12-28,rally-03tache,,,4.3,0.0,67080.0,manual:chart_observation:exact:rally_app_chart,chart_observation,exact,Rally App,2023-12-28T00:00:00Z,2023-12-31,quarterly
2024-03-25,rally-03tache,,,4.75,0.0,74100.0,manual:chart_observation:exact:rally_app_chart,chart_observation,exact,Rally App,2024-03-25T00:00:00Z,2024-03-31,quarterly
2024-06-27,rally-03tache,,,4.8,0.0,74880.0,manual:chart_observation:exact:rally_app_chart,chart_observation,exact,Rally App,2024-06-27T00:00:00Z,2024-06-30,quarterly
2024-09-30,rally-03tache,,,4.5,0.0,70200.0,manual:chart_observation:exact:rally_app_chart,chart_observation,exact,Rally App,2024-09-30T00:00:00Z,2024-09-30,quarterly
2024-12-26,rally-03tache,,,4.25,0.0,66300.0,manual:chart_observation:exact:rally_app_chart,chart_observation,exact,Rally App,2024-12-26T00:00:00Z,2024-12-31,quarterly
2025-03-31,rally-03tache,,,4.05,0.0,63180.0,manual:chart_observation:exact:rally_app_chart,chart_observation,exact,Rally App,2025-03-31T00:00:00Z,2025-03-31,quarterly
2025-06-26,rally-03tache,,,4.25,0.0,66300.0,manual:chart_observation:exact:rally_app_chart,chart_observation,exact,Rally App,2025-06-26T00:00:00Z,2025-06-30,quarterly
2025-09-29,rally-03tache,,,4.25,0.0,66300.0,manual:chart_observation:exact:rally_app_chart,chart_observation,exact,Rally App,2025-09-29T00:00:00Z,2025-09-30,quarterly
2025-12-31,rally-03tache,,,4.05,0.0,63180.0,manual:chart_observation:exact:rally_app_chart,chart_observation,exact,Rally App,2025-12-31T00:00:00Z,2025-12-31,quarterly
2026-03-30,rally-03tache,,,4.1,0.0,63960.0,manual:chart_observation:exact:rally_app_chart,chart_observation,exact,Rally App,2026-03-30T00:00:00Z,2026-03-31,quarterly
2026-06-25,rally-03tache,,,4.05,0.0,63180.0,manual:chart_observation:exact:rally_app_chart,chart_observation,exact,Rally App,2026-06-25T00:00:00Z,2026-06-30,quarterly
2020-12-22,rally-14drc,,,54.0,0.0,54000.0,manual:chart_observation:exact:rally_app_chart,chart_observation,exact,Rally App,2020-12-22T00:00:00Z,2020-12-31,quarterly
2021-03-04,rally-14drc,,,50.0,0.0,50000.0,manual:chart_observation:exact:rally_app_chart,chart_observation,exact,Rally App,2021-03-04T00:00:00Z,2021-03-31,quarterly
2021-05-21,rally-14drc,,,38.0,0.0,38000.0,manual:chart_observation:exact:rally_app_chart,chart_observation,exact,Rally App,2021-05-21T00:00:00Z,2021-06-30,quarterly
2021-08-13,rally-14drc,,,41.0,0.0,41000.0,manual:chart_observation:exact:rally_app_chart,chart_observation,exact,Rally App,2021-08-13T00:00:00Z,2021-09-30,quarterly
2021-11-11,rally-14drc,,,54.05,0.0,54050.0,manual:chart_observation:exact:rally_app_chart,chart_observation,exact,Rally App,2021-11-11T00:00:00Z,2021-12-31,quarterly
2022-03-30,rally-14drc,,,51.0,0.0,51000.0,manual:chart_observation:exact:rally_app_chart,chart_observation,exact,Rally App,2022-03-30T00:00:00Z,2022-03-31,quarterly
2022-06-29,rally-14drc,,,43.25,0.0,43250.0,manual:chart_observation:exact:rally_app_chart,chart_observation,exact,Rally App,2022-06-29T00:00:00Z,2022-06-30,quarterly
2022-09-28,rally-14drc,,,47.55,0.0,47550.0,manual:chart_observation:exact:rally_app_chart,chart_observation,exact,Rally App,2022-09-28T00:00:00Z,2022-09-30,quarterly
2022-12-28,rally-14drc,,,49.3,0.0,49300.0,manual:chart_observation:exact:rally_app_chart,chart_observation,exact,Rally App,2022-12-28T00:00:00Z,2022-12-31,quarterly
2023-03-29,rally-14drc,,,54.0,0.0,54000.0,manual:chart_observation:exact:rally_app_chart,chart_observation,exact,Rally App,2023-03-29T00:00:00Z,2023-03-31,quarterly
2023-06-28,rally-14drc,,,53.85,0.0,53850.0,manual:chart_observation:exact:rally_app_chart,chart_observation,exact,Rally App,2023-06-28T00:00:00Z,2023-06-30,quarterly
2023-09-27,rally-14drc,,,53.0,0.0,53000.0,manual:chart_observation:exact:rally_app_chart,chart_observation,exact,Rally App,2023-09-27T00:00:00Z,2023-09-30,quarterly
2023-12-29,rally-14drc,,,49.35,0.0,49350.0,manual:chart_observation:exact:rally_app_chart,chart_observation,exact,Rally App,2023-12-29T00:00:00Z,2023-12-31,quarterly
2024-03-27,rally-14drc,,,59.0,0.0,59000.0,manual:chart_observation:chart_estimate:rally_app_chart,chart_observation,chart_estimate,Rally App,2024-03-27T00:00:00Z,2024-03-31,quarterly
2024-06-26,rally-14drc,,,58.5,0.0,58500.0,manual:chart_observation:exact:rally_app_chart,chart_observation,exact,Rally App,2024-06-26T00:00:00Z,2024-06-30,quarterly
2024-09-25,rally-14drc,,,56.5,0.0,56500.0,manual:chart_observation:exact:rally_app_chart,chart_observation,exact,Rally App,2024-09-25T00:00:00Z,2024-09-30,quarterly
2024-12-31,rally-14drc,,,57.0,0.0,57000.0,manual:chart_observation:exact:rally_app_chart,chart_observation,exact,Rally App,2024-12-31T00:00:00Z,2024-12-31,quarterly
2025-03-26,rally-14drc,,,57.0,0.0,57000.0,manual:chart_observation:exact:rally_app_chart,chart_observation,exact,Rally App,2025-03-26T00:00:00Z,2025-03-31,quarterly
2025-06-25,rally-14drc,,,54.9,0.0,54900.0,manual:chart_observation:exact:rally_app_chart,chart_observation,exact,Rally App,2025-06-25T00:00:00Z,2025-06-30,quarterly
2025-09-24,rally-14drc,,,54.0,0.0,54000.0,manual:chart_observation:exact:rally_app_chart,chart_observation,exact,Rally App,2025-09-24T00:00:00Z,2025-09-30,quarterly
2025-12-31,rally-14drc,,,52.25,0.0,52250.0,manual:chart_observation:exact:rally_app_chart,chart_observation,exact,Rally App,2025-12-31T00:00:00Z,2025-12-31,quarterly
2026-03-25,rally-14drc,,,52.25,0.0,52250.0,manual:chart_observation:exact:rally_app_chart,chart_observation,exact,Rally App,2026-03-25T00:00:00Z,2026-03-31,quarterly
2026-06-24,rally-14drc,,,52.2,0.0,52200.0,manual:chart_observation:exact:rally_app_chart,chart_observation,exact,Rally App,2026-06-24T00:00:00Z,2026-06-30,quarterly
2021-04-15,rally-79stella,,,2.75,0.0,37950.0,manual:chart_observation:exact:rally_app_chart,chart_observation,exact,Rally App,2021-04-15T00:00:00Z,2021-03-31,quarterly
2021-06-28,rally-79stella,,,3.5,0.0,48300.0,manual:chart_observation:exact:rally_app_chart,chart_observation,exact,Rally App,2021-06-28T00:00:00Z,2021-06-30,quarterly
2021-09-15,rally-79stella,,,5.2,0.0,71760.0,manual:chart_observation:exact:rally_app_chart,chart_observation,exact,Rally App,2021-09-15T00:00:00Z,2021-09-30,quarterly
2021-12-20,rally-79stella,,,5.0,0.0,69000.0,manual:chart_observation:exact:rally_app_chart,chart_observation,exact,Rally App,2021-12-20T00:00:00Z,2021-12-31,quarterly
2022-03-25,rally-79stella,,,4.4,0.0,60720.0,manual:chart_observation:exact:rally_app_chart,chart_observation,exact,Rally App,2022-03-25T00:00:00Z,2022-03-31,quarterly
2022-06-30,rally-79stella,,,3.8,0.0,52440.0,manual:chart_observation:exact:rally_app_chart,chart_observation,exact,Rally App,2022-06-30T00:00:00Z,2022-06-30,quarterly
2022-09-28,rally-79stella,,,4.0,0.0,55200.0,manual:chart_observation:exact:rally_app_chart,chart_observation,exact,Rally App,2022-09-28T00:00:00Z,2022-09-30,quarterly
2022-12-27,rally-79stella,,,3.95,0.0,54510.0,manual:chart_observation:exact:rally_app_chart,chart_observation,exact,Rally App,2022-12-27T00:00:00Z,2022-12-31,quarterly
2023-03-31,rally-79stella,,,6.95,0.0,95910.0,manual:chart_observation:exact:rally_app_chart,chart_observation,exact,Rally App,2023-03-31T00:00:00Z,2023-03-31,quarterly
2023-06-30,rally-79stella,,,6.5,0.0,89700.0,manual:chart_observation:exact:rally_app_chart,chart_observation,exact,Rally App,2023-06-30T00:00:00Z,2023-06-30,quarterly
2023-09-27,rally-79stella,,,5.2,0.0,71760.0,manual:chart_observation:exact:rally_app_chart,chart_observation,exact,Rally App,2023-09-27T00:00:00Z,2023-09-30,quarterly
2023-12-29,rally-79stella,,,4.9,0.0,67620.0,manual:chart_observation:exact:rally_app_chart,chart_observation,exact,Rally App,2023-12-29T00:00:00Z,2023-12-31,quarterly
2024-03-25,rally-79stella,,,4.8,0.0,66240.0,manual:chart_observation:exact:rally_app_chart,chart_observation,exact,Rally App,2024-03-25T00:00:00Z,2024-03-31,quarterly
2024-06-28,rally-79stella,,,4.85,0.0,66930.0,manual:chart_observation:exact:rally_app_chart,chart_observation,exact,Rally App,2024-06-28T00:00:00Z,2024-06-30,quarterly
2024-09-26,rally-79stella,,,6.0,0.0,82800.0,manual:chart_observation:exact:rally_app_chart,chart_observation,exact,Rally App,2024-09-26T00:00:00Z,2024-09-30,quarterly
2024-12-31,rally-79stella,,,5.2,0.0,71760.0,manual:chart_observation:exact:rally_app_chart,chart_observation,exact,Rally App,2024-12-31T00:00:00Z,2024-12-31,quarterly
2025-03-31,rally-79stella,,,4.0,0.0,55200.0,manual:chart_observation:exact:rally_app_chart,chart_observation,exact,Rally App,2025-03-31T00:00:00Z,2025-03-31,quarterly
2025-06-27,rally-79stella,,,4.3,0.0,59340.0,manual:chart_observation:exact:rally_app_chart,chart_observation,exact,Rally App,2025-06-27T00:00:00Z,2025-06-30,quarterly
2025-09-25,rally-79stella,,,4.0,0.0,55200.0,manual:chart_observation:exact:rally_app_chart,chart_observation,exact,Rally App,2025-09-25T00:00:00Z,2025-09-30,quarterly
2025-12-30,rally-79stella,,,5.2,0.0,71760.0,manual:chart_observation:exact:rally_app_chart,chart_observation,exact,Rally App,2025-12-30T00:00:00Z,2025-12-31,quarterly
2026-03-30,rally-79stella,,,4.8,0.0,66240.0,manual:chart_observation:exact:rally_app_chart,chart_observation,exact,Rally App,2026-03-30T00:00:00Z,2026-03-31,quarterly
2026-06-26,rally-79stella,,,5.9,0.0,81420.0,manual:chart_observation:exact:rally_app_chart,chart_observation,exact,Rally App,2026-06-26T00:00:00Z,2026-06-30,quarterly
2021-01-05,rally-93daytona,,,23.0,0.0,46000.0,manual:chart_observation:exact:rally_app_chart,chart_observation,exact,Rally App,2021-01-05T00:00:00Z,2020-12-31,quarterly
2021-03-11,rally-93daytona,,,16.6,0.0,33200.0,manual:chart_observation:exact:rally_app_chart,chart_observation,exact,Rally App,2021-03-11T00:00:00Z,2021-03-31,quarterly
2021-05-25,rally-93daytona,,,16.6,0.0,33200.0,manual:chart_observation:exact:rally_app_chart,chart_observation,exact,Rally App,2021-05-25T00:00:00Z,2021-06-30,quarterly
2021-08-10,rally-93daytona,,,21.0,0.0,42000.0,manual:chart_observation:exact:rally_app_chart,chart_observation,exact,Rally App,2021-08-10T00:00:00Z,2021-09-30,quarterly
2021-10-29,rally-93daytona,,,25.0,0.0,50000.0,manual:chart_observation:exact:rally_app_chart,chart_observation,exact,Rally App,2021-10-29T00:00:00Z,2021-12-31,quarterly
2022-03-25,rally-93daytona,,,19.5,0.0,39000.0,manual:chart_observation:exact:rally_app_chart,chart_observation,exact,Rally App,2022-03-25T00:00:00Z,2022-03-31,quarterly
2022-06-30,rally-93daytona,,,16.0,0.0,32000.0,manual:chart_observation:exact:rally_app_chart,chart_observation,exact,Rally App,2022-06-30T00:00:00Z,2022-06-30,quarterly
2022-09-28,rally-93daytona,,,17.2,0.0,34400.0,manual:chart_observation:exact:rally_app_chart,chart_observation,exact,Rally App,2022-09-28T00:00:00Z,2022-09-30,quarterly
2022-12-27,rally-93daytona,,,14.65,0.0,29300.0,manual:chart_observation:exact:rally_app_chart,chart_observation,exact,Rally App,2022-12-27T00:00:00Z,2022-12-31,quarterly
2023-03-28,rally-93daytona,,,19.0,0.0,38000.0,manual:chart_observation:exact:rally_app_chart,chart_observation,exact,Rally App,2023-03-28T00:00:00Z,2023-03-31,quarterly
2023-06-26,rally-93daytona,,,18.0,0.0,36000.0,manual:chart_observation:exact:rally_app_chart,chart_observation,exact,Rally App,2023-06-26T00:00:00Z,2023-06-30,quarterly
2023-09-29,rally-93daytona,,,16.45,0.0,32900.0,manual:chart_observation:exact:rally_app_chart,chart_observation,exact,Rally App,2023-09-29T00:00:00Z,2023-09-30,quarterly
2023-12-29,rally-93daytona,,,15.25,0.0,30500.0,manual:chart_observation:exact:rally_app_chart,chart_observation,exact,Rally App,2023-12-29T00:00:00Z,2023-12-31,quarterly
2024-03-28,rally-93daytona,,,17.0,0.0,34000.0,manual:chart_observation:exact:rally_app_chart,chart_observation,exact,Rally App,2024-03-28T00:00:00Z,2024-03-31,quarterly
2024-06-27,rally-93daytona,,,16.0,0.0,32000.0,manual:chart_observation:exact:rally_app_chart,chart_observation,exact,Rally App,2024-06-27T00:00:00Z,2024-06-30,quarterly
2024-09-25,rally-93daytona,,,16.5,0.0,33000.0,manual:chart_observation:exact:rally_app_chart,chart_observation,exact,Rally App,2024-09-25T00:00:00Z,2024-09-30,quarterly
2024-12-30,rally-93daytona,,,18.0,0.0,36000.0,manual:chart_observation:exact:rally_app_chart,chart_observation,exact,Rally App,2024-12-30T00:00:00Z,2024-12-31,quarterly
2025-03-31,rally-93daytona,,,17.7,0.0,35400.0,manual:chart_observation:exact:rally_app_chart,chart_observation,exact,Rally App,2025-03-31T00:00:00Z,2025-03-31,quarterly
2025-06-27,rally-93daytona,,,17.55,0.0,35100.0,manual:chart_observation:exact:rally_app_chart,chart_observation,exact,Rally App,2025-06-27T00:00:00Z,2025-06-30,quarterly
2025-09-26,rally-93daytona,,,14.95,0.0,29900.0,manual:chart_observation:exact:rally_app_chart,chart_observation,exact,Rally App,2025-09-26T00:00:00Z,2025-09-30,quarterly
2025-12-31,rally-93daytona,,,16.0,0.0,32000.0,manual:chart_observation:exact:rally_app_chart,chart_observation,exact,Rally App,2025-12-31T00:00:00Z,2025-12-31,quarterly
2026-03-26,rally-93daytona,,,18.1,0.0,36200.0,manual:chart_observation:exact:rally_app_chart,chart_observation,exact,Rally App,2026-03-26T00:00:00Z,2026-03-31,quarterly
2026-06-30,rally-93daytona,,,18.1,0.0,36200.0,manual:chart_observation:exact:rally_app_chart,chart_observation,exact,Rally App,2026-06-30T00:00:00Z,2026-06-30,quarterly
2020-12-01,rally-birkinbor,,,30.0,0.0,60000.0,manual:chart_observation:exact:rally_app_chart,chart_observation,exact,Rally App,2020-12-01T00:00:00Z,2020-12-31,quarterly
2021-04-15,rally-birkinbor,,,20.0,0.0,40000.0,manual:chart_observation:exact:rally_app_chart,chart_observation,exact,Rally App,2021-04-15T00:00:00Z,2021-03-31,quarterly
2021-06-23,rally-birkinbor,,,23.0,0.0,46000.0,manual:chart_observation:exact:rally_app_chart,chart_observation,exact,Rally App,2021-06-23T00:00:00Z,2021-06-30,quarterly
2021-09-13,rally-birkinbor,,,20.5,0.0,41000.0,manual:chart_observation:exact:rally_app_chart,chart_observation,exact,Rally App,2021-09-13T00:00:00Z,2021-09-30,quarterly
2022-03-29,rally-birkinbor,,,15.0,0.0,30000.0,manual:chart_observation:exact:rally_app_chart,chart_observation,exact,Rally App,2022-03-29T00:00:00Z,2022-03-31,quarterly
2022-06-30,rally-birkinbor,,,18.0,0.0,36000.0,manual:chart_observation:exact:rally_app_chart,chart_observation,exact,Rally App,2022-06-30T00:00:00Z,2022-06-30,quarterly
2022-09-30,rally-birkinbor,,,20.0,0.0,40000.0,manual:chart_observation:exact:rally_app_chart,chart_observation,exact,Rally App,2022-09-30T00:00:00Z,2022-09-30,quarterly
2022-12-30,rally-birkinbor,,,19.0,0.0,38000.0,manual:chart_observation:exact:rally_app_chart,chart_observation,exact,Rally App,2022-12-30T00:00:00Z,2022-12-31,quarterly
2023-03-27,rally-birkinbor,,,16.95,0.0,33900.0,manual:chart_observation:exact:rally_app_chart,chart_observation,exact,Rally App,2023-03-27T00:00:00Z,2023-03-31,quarterly
2023-06-27,rally-birkinbor,,,19.0,0.0,38000.0,manual:chart_observation:exact:rally_app_chart,chart_observation,exact,Rally App,2023-06-27T00:00:00Z,2023-06-30,quarterly
2023-09-28,rally-birkinbor,,,14.25,0.0,28500.0,manual:chart_observation:exact:rally_app_chart,chart_observation,exact,Rally App,2023-09-28T00:00:00Z,2023-09-30,quarterly
2023-12-29,rally-birkinbor,,,12.15,0.0,24300.0,manual:chart_observation:exact:rally_app_chart,chart_observation,exact,Rally App,2023-12-29T00:00:00Z,2023-12-31,quarterly
2024-03-22,rally-birkinbor,,,16.35,0.0,32700.0,manual:chart_observation:exact:rally_app_chart,chart_observation,exact,Rally App,2024-03-22T00:00:00Z,2024-03-31,quarterly
2024-06-24,rally-birkinbor,,,16.25,0.0,32500.0,manual:chart_observation:exact:rally_app_chart,chart_observation,exact,Rally App,2024-06-24T00:00:00Z,2024-06-30,quarterly
2024-09-24,rally-birkinbor,,,17.95,0.0,35900.0,manual:chart_observation:exact:rally_app_chart,chart_observation,exact,Rally App,2024-09-24T00:00:00Z,2024-09-30,quarterly
2024-12-26,rally-birkinbor,,,19.95,0.0,39900.0,manual:chart_observation:exact:rally_app_chart,chart_observation,exact,Rally App,2024-12-26T00:00:00Z,2024-12-31,quarterly
2025-03-28,rally-birkinbor,,,15.0,0.0,30000.0,manual:chart_observation:exact:rally_app_chart,chart_observation,exact,Rally App,2025-03-28T00:00:00Z,2025-03-31,quarterly
2025-06-27,rally-birkinbor,,,20.64,0.0,41280.0,manual:chart_observation:exact:rally_app_chart,chart_observation,exact,Rally App,2025-06-27T00:00:00Z,2025-06-30,quarterly
2025-09-29,rally-birkinbor,,,23.35,0.0,46700.0,manual:chart_observation:exact:rally_app_chart,chart_observation,exact,Rally App,2025-09-29T00:00:00Z,2025-09-30,quarterly
2025-12-30,rally-birkinbor,,,21.0,0.0,42000.0,manual:chart_observation:exact:rally_app_chart,chart_observation,exact,Rally App,2025-12-30T00:00:00Z,2025-12-31,quarterly
2026-03-25,rally-birkinbor,,,20.9,0.0,41800.0,manual:chart_observation:exact:rally_app_chart,chart_observation,exact,Rally App,2026-03-25T00:00:00Z,2026-03-31,quarterly
2026-06-26,rally-birkinbor,,,17.0,0.0,34000.0,manual:chart_observation:exact:rally_app_chart,chart_observation,exact,Rally App,2026-06-26T00:00:00Z,2026-06-30,quarterly
2022-09-30,rally-birkintan,,,28.0,0.0,28000.0,manual:chart_observation:exact:rally_app_chart,chart_observation,exact,Rally App,2022-09-30T00:00:00Z,2022-09-30,quarterly
2022-12-27,rally-birkintan,,,20.0,0.0,20000.0,manual:chart_observation:exact:rally_app_chart,chart_observation,exact,Rally App,2022-12-27T00:00:00Z,2022-12-31,quarterly
2023-03-31,rally-birkintan,,,19.25,0.0,19250.0,manual:chart_observation:exact:rally_app_chart,chart_observation,exact,Rally App,2023-03-31T00:00:00Z,2023-03-31,quarterly
2023-06-27,rally-birkintan,,,17.5,0.0,17500.0,manual:chart_observation:exact:rally_app_chart,chart_observation,exact,Rally App,2023-06-27T00:00:00Z,2023-06-30,quarterly
2023-09-29,rally-birkintan,,,21.0,0.0,21000.0,manual:chart_observation:exact:rally_app_chart,chart_observation,exact,Rally App,2023-09-29T00:00:00Z,2023-09-30,quarterly
2023-12-29,rally-birkintan,,,28.5,0.0,28500.0,manual:chart_observation:exact:rally_app_chart,chart_observation,exact,Rally App,2023-12-29T00:00:00Z,2023-12-31,quarterly
2024-03-28,rally-birkintan,,,28.5,0.0,28500.0,manual:chart_observation:exact:rally_app_chart,chart_observation,exact,Rally App,2024-03-28T00:00:00Z,2024-03-31,quarterly
2024-06-24,rally-birkintan,,,28.5,0.0,28500.0,manual:chart_observation:exact:rally_app_chart,chart_observation,exact,Rally App,2024-06-24T00:00:00Z,2024-06-30,quarterly
2024-09-26,rally-birkintan,,,25.0,0.0,25000.0,manual:chart_observation:exact:rally_app_chart,chart_observation,exact,Rally App,2024-09-26T00:00:00Z,2024-09-30,quarterly
2024-12-30,rally-birkintan,,,28.65,0.0,28650.0,manual:chart_observation:exact:rally_app_chart,chart_observation,exact,Rally App,2024-12-30T00:00:00Z,2024-12-31,quarterly
2025-03-26,rally-birkintan,,,28.65,0.0,28650.0,manual:chart_observation:exact:rally_app_chart,chart_observation,exact,Rally App,2025-03-26T00:00:00Z,2025-03-31,quarterly
2025-06-27,rally-birkintan,,,33.6,0.0,33600.0,manual:chart_observation:exact:rally_app_chart,chart_observation,exact,Rally App,2025-06-27T00:00:00Z,2025-06-30,quarterly
2025-10-01,rally-birkintan,,,30.0,0.0,30000.0,manual:chart_observation:exact:rally_app_chart,chart_observation,exact,Rally App,2025-10-01T00:00:00Z,2025-09-30,quarterly
2025-12-26,rally-birkintan,,,29.95,0.0,29950.0,manual:chart_observation:exact:rally_app_chart,chart_observation,exact,Rally App,2025-12-26T00:00:00Z,2025-12-31,quarterly
2026-03-31,rally-birkintan,,,29.95,0.0,29950.0,manual:chart_observation:exact:rally_app_chart,chart_observation,exact,Rally App,2026-03-31T00:00:00Z,2026-03-31,quarterly
2026-06-26,rally-birkintan,,,25.6,0.0,25600.0,manual:chart_observation:exact:rally_app_chart,chart_observation,exact,Rally App,2026-06-26T00:00:00Z,2026-06-30,quarterly
2022-10-10,rally-bondwatch,,,2.0,0.0,40000.0,manual:chart_observation:exact:rally_app_chart,chart_observation,exact,Rally App,2022-10-10T00:00:00Z,2022-09-30,quarterly
2022-12-29,rally-bondwatch,,,1.75,0.0,35000.0,manual:chart_observation:exact:rally_app_chart,chart_observation,exact,Rally App,2022-12-29T00:00:00Z,2022-12-31,quarterly
2023-03-28,rally-bondwatch,,,2.4,0.0,48000.0,manual:chart_observation:exact:rally_app_chart,chart_observation,exact,Rally App,2023-03-28T00:00:00Z,2023-03-31,quarterly
2023-06-30,rally-bondwatch,,,2.25,0.0,45000.0,manual:chart_observation:exact:rally_app_chart,chart_observation,exact,Rally App,2023-06-30T00:00:00Z,2023-06-30,quarterly
2023-09-28,rally-bondwatch,,,2.2,0.0,44000.0,manual:chart_observation:exact:rally_app_chart,chart_observation,exact,Rally App,2023-09-28T00:00:00Z,2023-09-30,quarterly
2023-12-29,rally-bondwatch,,,1.9,0.0,38000.0,manual:chart_observation:exact:rally_app_chart,chart_observation,exact,Rally App,2023-12-29T00:00:00Z,2023-12-31,quarterly
2024-03-25,rally-bondwatch,,,2.3,0.0,46000.0,manual:chart_observation:exact:rally_app_chart,chart_observation,exact,Rally App,2024-03-25T00:00:00Z,2024-03-31,quarterly
2024-06-27,rally-bondwatch,,,2.25,0.0,45000.0,manual:chart_observation:exact:rally_app_chart,chart_observation,exact,Rally App,2024-06-27T00:00:00Z,2024-06-30,quarterly
2024-09-30,rally-bondwatch,,,2.75,0.0,55000.0,manual:chart_observation:exact:rally_app_chart,chart_observation,exact,Rally App,2024-09-30T00:00:00Z,2024-09-30,quarterly
2024-12-27,rally-bondwatch,,,2.45,0.0,49000.0,manual:chart_observation:exact:rally_app_chart,chart_observation,exact,Rally App,2024-12-27T00:00:00Z,2024-12-31,quarterly
2025-03-28,rally-bondwatch,,,2.35,0.0,47000.0,manual:chart_observation:exact:rally_app_chart,chart_observation,exact,Rally App,2025-03-28T00:00:00Z,2025-03-31,quarterly
2025-06-30,rally-bondwatch,,,2.2,0.0,44000.0,manual:chart_observation:exact:rally_app_chart,chart_observation,exact,Rally App,2025-06-30T00:00:00Z,2025-06-30,quarterly
2025-09-29,rally-bondwatch,,,2.2,0.0,44000.0,manual:chart_observation:exact:rally_app_chart,chart_observation,exact,Rally App,2025-09-29T00:00:00Z,2025-09-30,quarterly
2025-12-31,rally-bondwatch,,,2.0,0.0,40000.0,manual:chart_observation:exact:rally_app_chart,chart_observation,exact,Rally App,2025-12-31T00:00:00Z,2025-12-31,quarterly
2026-03-31,rally-bondwatch,,,2.25,0.0,45000.0,manual:chart_observation:exact:rally_app_chart,chart_observation,exact,Rally App,2026-03-31T00:00:00Z,2026-03-31,quarterly
2026-06-29,rally-bondwatch,,,2.05,0.0,41000.0,manual:chart_observation:exact:rally_app_chart,chart_observation,exact,Rally App,2026-06-29T00:00:00Z,2026-06-30,quarterly
2021-02-18,rally-dimaggio2,,,18.0,0.0,36000.0,manual:chart_observation:exact:rally_app_chart,chart_observation,exact,Rally App,2021-02-18T00:00:00Z,2021-03-31,quarterly
2021-04-22,rally-dimaggio2,,,12.0,0.0,24000.0,manual:chart_observation:exact:rally_app_chart,chart_observation,exact,Rally App,2021-04-22T00:00:00Z,2021-06-30,quarterly
2021-07-20,rally-dimaggio2,,,10.0,0.0,20000.0,manual:chart_observation:exact:rally_app_chart,chart_observation,exact,Rally App,2021-07-20T00:00:00Z,2021-09-30,quarterly
2022-01-24,rally-dimaggio2,,,7.75,0.0,15500.0,manual:chart_observation:exact:rally_app_chart,chart_observation,exact,Rally App,2022-01-24T00:00:00Z,2021-12-31,quarterly
2022-03-29,rally-dimaggio2,,,10.0,0.0,20000.0,manual:chart_observation:exact:rally_app_chart,chart_observation,exact,Rally App,2022-03-29T00:00:00Z,2022-03-31,quarterly
2022-06-24,rally-dimaggio2,,,9.0,0.0,18000.0,manual:chart_observation:exact:rally_app_chart,chart_observation,exact,Rally App,2022-06-24T00:00:00Z,2022-06-30,quarterly
2022-09-28,rally-dimaggio2,,,7.0,0.0,14000.0,manual:chart_observation:exact:rally_app_chart,chart_observation,exact,Rally App,2022-09-28T00:00:00Z,2022-09-30,quarterly
2022-12-30,rally-dimaggio2,,,10.0,0.0,20000.0,manual:chart_observation:exact:rally_app_chart,chart_observation,exact,Rally App,2022-12-30T00:00:00Z,2022-12-31,quarterly
2023-03-29,rally-dimaggio2,,,10.95,0.0,21900.0,manual:chart_observation:exact:rally_app_chart,chart_observation,exact,Rally App,2023-03-29T00:00:00Z,2023-03-31,quarterly
2023-06-30,rally-dimaggio2,,,10.95,0.0,21900.0,manual:chart_observation:exact:rally_app_chart,chart_observation,exact,Rally App,2023-06-30T00:00:00Z,2023-06-30,quarterly
2023-09-28,rally-dimaggio2,,,10.0,0.0,20000.0,manual:chart_observation:exact:rally_app_chart,chart_observation,exact,Rally App,2023-09-28T00:00:00Z,2023-09-30,quarterly
2023-12-29,rally-dimaggio2,,,9.0,0.0,18000.0,manual:chart_observation:exact:rally_app_chart,chart_observation,exact,Rally App,2023-12-29T00:00:00Z,2023-12-31,quarterly
2024-03-28,rally-dimaggio2,,,8.9,0.0,17800.0,manual:chart_observation:exact:rally_app_chart,chart_observation,exact,Rally App,2024-03-28T00:00:00Z,2024-03-31,quarterly
2024-06-24,rally-dimaggio2,,,9.5,0.0,19000.0,manual:chart_observation:exact:rally_app_chart,chart_observation,exact,Rally App,2024-06-24T00:00:00Z,2024-06-30,quarterly
2024-09-27,rally-dimaggio2,,,9.0,0.0,18000.0,manual:chart_observation:exact:rally_app_chart,chart_observation,exact,Rally App,2024-09-27T00:00:00Z,2024-09-30,quarterly
2024-12-30,rally-dimaggio2,,,9.0,0.0,18000.0,manual:chart_observation:exact:rally_app_chart,chart_observation,exact,Rally App,2024-12-30T00:00:00Z,2024-12-31,quarterly
2025-03-28,rally-dimaggio2,,,8.95,0.0,17900.0,manual:chart_observation:exact:rally_app_chart,chart_observation,exact,Rally App,2025-03-28T00:00:00Z,2025-03-31,quarterly
2025-06-30,rally-dimaggio2,,,7.55,0.0,15100.0,manual:chart_observation:exact:rally_app_chart,chart_observation,exact,Rally App,2025-06-30T00:00:00Z,2025-06-30,quarterly
2025-09-26,rally-dimaggio2,,,8.95,0.0,17900.0,manual:chart_observation:exact:rally_app_chart,chart_observation,exact,Rally App,2025-09-26T00:00:00Z,2025-09-30,quarterly
2025-12-30,rally-dimaggio2,,,8.05,0.0,16100.0,manual:chart_observation:exact:rally_app_chart,chart_observation,exact,Rally App,2025-12-30T00:00:00Z,2025-12-31,quarterly
2026-03-27,rally-dimaggio2,,,10.0,0.0,20000.0,manual:chart_observation:exact:rally_app_chart,chart_observation,exact,Rally App,2026-03-27T00:00:00Z,2026-03-31,quarterly
2026-06-30,rally-dimaggio2,,,10.0,0.0,20000.0,manual:chart_observation:exact:rally_app_chart,chart_observation,exact,Rally App,2026-06-30T00:00:00Z,2026-06-30,quarterly
2021-05-04,rally-dominos,,,6.1,0.0,12200.0,manual:chart_observation:exact:rally_app_chart,chart_observation,exact,Rally App,2021-05-04T00:00:00Z,2021-06-30,quarterly
2021-07-23,rally-dominos,,,5.0,0.0,10000.0,manual:chart_observation:exact:rally_app_chart,chart_observation,exact,Rally App,2021-07-23T00:00:00Z,2021-09-30,quarterly
2021-10-21,rally-dominos,,,7.75,0.0,15500.0,manual:chart_observation:exact:rally_app_chart,chart_observation,exact,Rally App,2021-10-21T00:00:00Z,2021-12-31,quarterly
2022-03-28,rally-dominos,,,5.0,0.0,10000.0,manual:chart_observation:exact:rally_app_chart,chart_observation,exact,Rally App,2022-03-28T00:00:00Z,2022-03-31,quarterly
2022-06-27,rally-dominos,,,5.5,0.0,11000.0,manual:chart_observation:exact:rally_app_chart,chart_observation,exact,Rally App,2022-06-27T00:00:00Z,2022-06-30,quarterly
2022-09-26,rally-dominos,,,5.45,0.0,10900.0,manual:chart_observation:exact:rally_app_chart,chart_observation,exact,Rally App,2022-09-26T00:00:00Z,2022-09-30,quarterly
2022-12-27,rally-dominos,,,5.45,0.0,10900.0,manual:chart_observation:exact:rally_app_chart,chart_observation,exact,Rally App,2022-12-27T00:00:00Z,2022-12-31,quarterly
2023-03-27,rally-dominos,,,5.5,0.0,11000.0,manual:chart_observation:exact:rally_app_chart,chart_observation,exact,Rally App,2023-03-27T00:00:00Z,2023-03-31,quarterly
2023-06-26,rally-dominos,,,5.65,0.0,11300.0,manual:chart_observation:exact:rally_app_chart,chart_observation,exact,Rally App,2023-06-26T00:00:00Z,2023-06-30,quarterly
2023-09-26,rally-dominos,,,5.7,0.0,11400.0,manual:chart_observation:exact:rally_app_chart,chart_observation,exact,Rally App,2023-09-26T00:00:00Z,2023-09-30,quarterly
2023-12-29,rally-dominos,,,3.25,0.0,6500.0,manual:chart_observation:exact:rally_app_chart,chart_observation,exact,Rally App,2023-12-29T00:00:00Z,2023-12-31,quarterly
2024-03-26,rally-dominos,,,5.6,0.0,11200.0,manual:chart_observation:exact:rally_app_chart,chart_observation,exact,Rally App,2024-03-26T00:00:00Z,2024-03-31,quarterly
2024-06-25,rally-dominos,,,4.5,0.0,9000.0,manual:chart_observation:exact:rally_app_chart,chart_observation,exact,Rally App,2024-06-25T00:00:00Z,2024-06-30,quarterly
2024-09-30,rally-dominos,,,5.0,0.0,10000.0,manual:chart_observation:exact:rally_app_chart,chart_observation,exact,Rally App,2024-09-30T00:00:00Z,2024-09-30,quarterly
2024-12-31,rally-dominos,,,5.1,0.0,10200.0,manual:chart_observation:exact:rally_app_chart,chart_observation,exact,Rally App,2024-12-31T00:00:00Z,2024-12-31,quarterly
2025-03-26,rally-dominos,,,4.3,0.0,8600.0,manual:chart_observation:exact:rally_app_chart,chart_observation,exact,Rally App,2025-03-26T00:00:00Z,2025-03-31,quarterly
2025-06-25,rally-dominos,,,5.5,0.0,11000.0,manual:chart_observation:exact:rally_app_chart,chart_observation,exact,Rally App,2025-06-25T00:00:00Z,2025-06-30,quarterly
2025-09-30,rally-dominos,,,5.45,0.0,10900.0,manual:chart_observation:exact:rally_app_chart,chart_observation,exact,Rally App,2025-09-30T00:00:00Z,2025-09-30,quarterly
2025-12-30,rally-dominos,,,5.15,0.0,10300.0,manual:chart_observation:exact:rally_app_chart,chart_observation,exact,Rally App,2025-12-30T00:00:00Z,2025-12-31,quarterly
2026-03-26,rally-dominos,,,5.9,0.0,11800.0,manual:chart_observation:exact:rally_app_chart,chart_observation,exact,Rally App,2026-03-26T00:00:00Z,2026-03-31,quarterly
2026-06-25,rally-dominos,,,5.1,0.0,10200.0,manual:chart_observation:exact:rally_app_chart,chart_observation,exact,Rally App,2026-06-25T00:00:00Z,2026-06-30,quarterly
2020-10-13,rally-gmtblack1,,,28.0,0.0,28000.0,manual:chart_observation:exact:rally_app_chart,chart_observation,exact,Rally App,2020-10-13T00:00:00Z,2020-09-30,quarterly
2021-01-14,rally-gmtblack1,,,28.0,0.0,28000.0,manual:chart_observation:exact:rally_app_chart,chart_observation,exact,Rally App,2021-01-14T00:00:00Z,2020-12-31,quarterly
2021-03-18,rally-gmtblack1,,,25.0,0.0,25000.0,manual:chart_observation:exact:rally_app_chart,chart_observation,exact,Rally App,2021-03-18T00:00:00Z,2021-03-31,quarterly
2021-06-01,rally-gmtblack1,,,25.5,0.0,25500.0,manual:chart_observation:exact:rally_app_chart,chart_observation,exact,Rally App,2021-06-01T00:00:00Z,2021-06-30,quarterly
2021-08-19,rally-gmtblack1,,,28.0,0.0,28000.0,manual:chart_observation:exact:rally_app_chart,chart_observation,exact,Rally App,2021-08-19T00:00:00Z,2021-09-30,quarterly
2022-01-10,rally-gmtblack1,,,26.0,0.0,26000.0,manual:chart_observation:exact:rally_app_chart,chart_observation,exact,Rally App,2022-01-10T00:00:00Z,2021-12-31,quarterly
2022-03-28,rally-gmtblack1,,,26.3,0.0,26300.0,manual:chart_observation:exact:rally_app_chart,chart_observation,exact,Rally App,2022-03-28T00:00:00Z,2022-03-31,quarterly
2022-06-29,rally-gmtblack1,,,25.5,0.0,25500.0,manual:chart_observation:exact:rally_app_chart,chart_observation,exact,Rally App,2022-06-29T00:00:00Z,2022-06-30,quarterly
2022-09-26,rally-gmtblack1,,,26.65,0.0,26650.0,manual:chart_observation:exact:rally_app_chart,chart_observation,exact,Rally App,2022-09-26T00:00:00Z,2022-09-30,quarterly
2022-12-28,rally-gmtblack1,,,26.65,0.0,26650.0,manual:chart_observation:exact:rally_app_chart,chart_observation,exact,Rally App,2022-12-28T00:00:00Z,2022-12-31,quarterly
2023-03-27,rally-gmtblack1,,,26.65,0.0,26650.0,manual:chart_observation:exact:rally_app_chart,chart_observation,exact,Rally App,2023-03-27T00:00:00Z,2023-03-31,quarterly
2023-06-28,rally-gmtblack1,,,26.25,0.0,26250.0,manual:chart_observation:exact:rally_app_chart,chart_observation,exact,Rally App,2023-06-28T00:00:00Z,2023-06-30,quarterly
2023-09-29,rally-gmtblack1,,,25.1,0.0,25100.0,manual:chart_observation:exact:rally_app_chart,chart_observation,exact,Rally App,2023-09-29T00:00:00Z,2023-09-30,quarterly
2023-12-29,rally-gmtblack1,,,25.5,0.0,25500.0,manual:chart_observation:exact:rally_app_chart,chart_observation,exact,Rally App,2023-12-29T00:00:00Z,2023-12-31,quarterly
2024-03-22,rally-gmtblack1,,,24.0,0.0,24000.0,manual:chart_observation:exact:rally_app_chart,chart_observation,exact,Rally App,2024-03-22T00:00:00Z,2024-03-31,quarterly
2024-06-26,rally-gmtblack1,,,22.25,0.0,22250.0,manual:chart_observation:exact:rally_app_chart,chart_observation,exact,Rally App,2024-06-26T00:00:00Z,2024-06-30,quarterly
2024-09-27,rally-gmtblack1,,,25.45,0.0,25450.0,manual:chart_observation:exact:rally_app_chart,chart_observation,exact,Rally App,2024-09-27T00:00:00Z,2024-09-30,quarterly
2024-12-31,rally-gmtblack1,,,30.0,0.0,30000.0,manual:chart_observation:exact:rally_app_chart,chart_observation,exact,Rally App,2024-12-31T00:00:00Z,2024-12-31,quarterly
2025-03-28,rally-gmtblack1,,,29.95,0.0,29950.0,manual:chart_observation:exact:rally_app_chart,chart_observation,exact,Rally App,2025-03-28T00:00:00Z,2025-03-31,quarterly
2025-06-24,rally-gmtblack1,,,29.95,0.0,29950.0,manual:chart_observation:exact:rally_app_chart,chart_observation,exact,Rally App,2025-06-24T00:00:00Z,2025-06-30,quarterly
2025-09-26,rally-gmtblack1,,,23.75,0.0,23750.0,manual:chart_observation:exact:rally_app_chart,chart_observation,exact,Rally App,2025-09-26T00:00:00Z,2025-09-30,quarterly
2025-12-30,rally-gmtblack1,,,21.0,0.0,21000.0,manual:chart_observation:exact:rally_app_chart,chart_observation,exact,Rally App,2025-12-30T00:00:00Z,2025-12-31,quarterly
2026-03-27,rally-gmtblack1,,,27.6,0.0,27600.0,manual:chart_observation:exact:rally_app_chart,chart_observation,exact,Rally App,2026-03-27T00:00:00Z,2026-03-31,quarterly
2026-06-30,rally-gmtblack1,,,28.5,0.0,28500.0,manual:chart_observation:exact:rally_app_chart,chart_observation,exact,Rally App,2026-06-30T00:00:00Z,2026-06-30,quarterly
2020-09-15,rally-himalaya,,,75.0,0.0,150000.0,manual:chart_observation:exact:rally_app_chart,chart_observation,exact,Rally App,2020-09-15T00:00:00Z,2020-09-30,quarterly
2020-12-15,rally-himalaya,,,50.0,0.0,100000.0,manual:chart_observation:exact:rally_app_chart,chart_observation,exact,Rally App,2020-12-15T00:00:00Z,2020-12-31,quarterly
2021-03-02,rally-himalaya,,,40.0,0.0,80000.0,manual:chart_observation:exact:rally_app_chart,chart_observation,exact,Rally App,2021-03-02T00:00:00Z,2021-03-31,quarterly
2021-07-26,rally-himalaya,,,60.0,0.0,120000.0,manual:chart_observation:exact:rally_app_chart,chart_observation,exact,Rally App,2021-07-26T00:00:00Z,2021-06-30,quarterly
2021-09-22,rally-himalaya,,,60.0,0.0,120000.0,manual:chart_observation:exact:rally_app_chart,chart_observation,exact,Rally App,2021-09-22T00:00:00Z,2021-09-30,quarterly
2022-01-31,rally-himalaya,,,48.55,0.0,97100.0,manual:chart_observation:exact:rally_app_chart,chart_observation,exact,Rally App,2022-01-31T00:00:00Z,2021-12-31,quarterly
2022-03-28,rally-himalaya,,,55.0,0.0,110000.0,manual:chart_observation:exact:rally_app_chart,chart_observation,exact,Rally App,2022-03-28T00:00:00Z,2022-03-31,quarterly
2022-06-30,rally-himalaya,,,54.0,0.0,108000.0,manual:chart_observation:exact:rally_app_chart,chart_observation,exact,Rally App,2022-06-30T00:00:00Z,2022-06-30,quarterly
2022-09-27,rally-himalaya,,,50.0,0.0,100000.0,manual:chart_observation:exact:rally_app_chart,chart_observation,exact,Rally App,2022-09-27T00:00:00Z,2022-09-30,quarterly
2022-12-30,rally-himalaya,,,63.0,0.0,126000.0,manual:chart_observation:exact:rally_app_chart,chart_observation,exact,Rally App,2022-12-30T00:00:00Z,2022-12-31,quarterly
2023-03-30,rally-himalaya,,,57.95,0.0,115900.0,manual:chart_observation:exact:rally_app_chart,chart_observation,exact,Rally App,2023-03-30T00:00:00Z,2023-03-31,quarterly
2023-06-26,rally-himalaya,,,59.4,0.0,118800.0,manual:chart_observation:exact:rally_app_chart,chart_observation,exact,Rally App,2023-06-26T00:00:00Z,2023-06-30,quarterly
2023-09-29,rally-himalaya,,,54.0,0.0,108000.0,manual:chart_observation:exact:rally_app_chart,chart_observation,exact,Rally App,2023-09-29T00:00:00Z,2023-09-30,quarterly
2023-12-29,rally-himalaya,,,54.15,0.0,108300.0,manual:chart_observation:exact:rally_app_chart,chart_observation,exact,Rally App,2023-12-29T00:00:00Z,2023-12-31,quarterly
2024-03-25,rally-himalaya,,,55.0,0.0,110000.0,manual:chart_observation:exact:rally_app_chart,chart_observation,exact,Rally App,2024-03-25T00:00:00Z,2024-03-31,quarterly
2024-06-28,rally-himalaya,,,50.0,0.0,100000.0,manual:chart_observation:exact:rally_app_chart,chart_observation,exact,Rally App,2024-06-28T00:00:00Z,2024-06-30,quarterly
2024-09-24,rally-himalaya,,,49.0,0.0,98000.0,manual:chart_observation:exact:rally_app_chart,chart_observation,exact,Rally App,2024-09-24T00:00:00Z,2024-09-30,quarterly
2024-12-30,rally-himalaya,,,39.05,0.0,78100.0,manual:chart_observation:exact:rally_app_chart,chart_observation,exact,Rally App,2024-12-30T00:00:00Z,2024-12-31,quarterly
2025-03-27,rally-himalaya,,,45.0,0.0,90000.0,manual:chart_observation:exact:rally_app_chart,chart_observation,exact,Rally App,2025-03-27T00:00:00Z,2025-03-31,quarterly
2025-06-24,rally-himalaya,,,43.2,0.0,86400.0,manual:chart_observation:exact:rally_app_chart,chart_observation,exact,Rally App,2025-06-24T00:00:00Z,2025-06-30,quarterly
2025-09-26,rally-himalaya,,,45.05,0.0,90100.0,manual:chart_observation:exact:rally_app_chart,chart_observation,exact,Rally App,2025-09-26T00:00:00Z,2025-09-30,quarterly
2025-12-31,rally-himalaya,,,48.95,0.0,97900.0,manual:chart_observation:exact:rally_app_chart,chart_observation,exact,Rally App,2025-12-31T00:00:00Z,2025-12-31,quarterly
2026-03-30,rally-himalaya,,,49.0,0.0,98000.0,manual:chart_observation:exact:rally_app_chart,chart_observation,exact,Rally App,2026-03-30T00:00:00Z,2026-03-31,quarterly
2026-06-26,rally-himalaya,,,46.9,0.0,93800.0,manual:chart_observation:exact:rally_app_chart,chart_observation,exact,Rally App,2026-06-26T00:00:00Z,2026-06-30,quarterly
2022-03-31,rally-karuizawa,,,5.25,0.0,68250.0,manual:chart_observation:exact:rally_app_chart,chart_observation,exact,Rally App,2022-03-31T00:00:00Z,2022-03-31,quarterly
2022-06-27,rally-karuizawa,,,6.0,0.0,78000.0,manual:chart_observation:exact:rally_app_chart,chart_observation,exact,Rally App,2022-06-27T00:00:00Z,2022-06-30,quarterly
2022-09-28,rally-karuizawa,,,6.0,0.0,78000.0,manual:chart_observation:exact:rally_app_chart,chart_observation,exact,Rally App,2022-09-28T00:00:00Z,2022-09-30,quarterly
2022-12-30,rally-karuizawa,,,5.95,0.0,77350.0,manual:chart_observation:exact:rally_app_chart,chart_observation,exact,Rally App,2022-12-30T00:00:00Z,2022-12-31,quarterly
2023-03-28,rally-karuizawa,,,5.9,0.0,76700.0,manual:chart_observation:exact:rally_app_chart,chart_observation,exact,Rally App,2023-03-28T00:00:00Z,2023-03-31,quarterly
2023-06-29,rally-karuizawa,,,5.5,0.0,71500.0,manual:chart_observation:exact:rally_app_chart,chart_observation,exact,Rally App,2023-06-29T00:00:00Z,2023-06-30,quarterly
2023-09-29,rally-karuizawa,,,4.5,0.0,58500.0,manual:chart_observation:exact:rally_app_chart,chart_observation,exact,Rally App,2023-09-29T00:00:00Z,2023-09-30,quarterly
2023-12-29,rally-karuizawa,,,4.0,0.0,52000.0,manual:chart_observation:exact:rally_app_chart,chart_observation,exact,Rally App,2023-12-29T00:00:00Z,2023-12-31,quarterly
2024-03-28,rally-karuizawa,,,4.5,0.0,58500.0,manual:chart_observation:exact:rally_app_chart,chart_observation,exact,Rally App,2024-03-28T00:00:00Z,2024-03-31,quarterly
2024-06-25,rally-karuizawa,,,4.3,0.0,55900.0,manual:chart_observation:exact:rally_app_chart,chart_observation,exact,Rally App,2024-06-25T00:00:00Z,2024-06-30,quarterly
2024-09-26,rally-karuizawa,,,3.8,0.0,49400.0,manual:chart_observation:exact:rally_app_chart,chart_observation,exact,Rally App,2024-09-26T00:00:00Z,2024-09-30,quarterly
2024-12-27,rally-karuizawa,,,3.85,0.0,50050.0,manual:chart_observation:exact:rally_app_chart,chart_observation,exact,Rally App,2024-12-27T00:00:00Z,2024-12-31,quarterly
2025-03-31,rally-karuizawa,,,3.75,0.0,48750.0,manual:chart_observation:exact:rally_app_chart,chart_observation,exact,Rally App,2025-03-31T00:00:00Z,2025-03-31,quarterly
2025-06-27,rally-karuizawa,,,3.55,0.0,46150.0,manual:chart_observation:exact:rally_app_chart,chart_observation,exact,Rally App,2025-06-27T00:00:00Z,2025-06-30,quarterly
2025-09-29,rally-karuizawa,,,3.5,0.0,45500.0,manual:chart_observation:exact:rally_app_chart,chart_observation,exact,Rally App,2025-09-29T00:00:00Z,2025-09-30,quarterly
2025-12-30,rally-karuizawa,,,3.0,0.0,39000.0,manual:chart_observation:exact:rally_app_chart,chart_observation,exact,Rally App,2025-12-30T00:00:00Z,2025-12-31,quarterly
2026-03-27,rally-karuizawa,,,3.0,0.0,39000.0,manual:chart_observation:exact:rally_app_chart,chart_observation,exact,Rally App,2026-03-27T00:00:00Z,2026-03-31,quarterly
2026-06-29,rally-karuizawa,,,3.25,0.0,42250.0,manual:chart_observation:exact:rally_app_chart,chart_observation,exact,Rally App,2026-06-29T00:00:00Z,2026-06-30,quarterly
2022-03-30,rally-macallan1,,,18.0,0.0,18000.0,manual:chart_observation:exact:rally_app_chart,chart_observation,exact,Rally App,2022-03-30T00:00:00Z,2022-03-31,quarterly
2022-06-27,rally-macallan1,,,18.25,0.0,18250.0,manual:chart_observation:exact:rally_app_chart,chart_observation,exact,Rally App,2022-06-27T00:00:00Z,2022-06-30,quarterly
2022-09-28,rally-macallan1,,,22.5,0.0,22500.0,manual:chart_observation:exact:rally_app_chart,chart_observation,exact,Rally App,2022-09-28T00:00:00Z,2022-09-30,quarterly
2022-12-30,rally-macallan1,,,24.5,0.0,24500.0,manual:chart_observation:exact:rally_app_chart,chart_observation,exact,Rally App,2022-12-30T00:00:00Z,2022-12-31,quarterly
2023-03-29,rally-macallan1,,,24.9,0.0,24900.0,manual:chart_observation:exact:rally_app_chart,chart_observation,exact,Rally App,2023-03-29T00:00:00Z,2023-03-31,quarterly
2023-06-30,rally-macallan1,,,21.5,0.0,21500.0,manual:chart_observation:exact:rally_app_chart,chart_observation,exact,Rally App,2023-06-30T00:00:00Z,2023-06-30,quarterly
2023-09-27,rally-macallan1,,,15.0,0.0,15000.0,manual:chart_observation:exact:rally_app_chart,chart_observation,exact,Rally App,2023-09-27T00:00:00Z,2023-09-30,quarterly
2023-12-29,rally-macallan1,,,13.35,0.0,13350.0,manual:chart_observation:exact:rally_app_chart,chart_observation,exact,Rally App,2023-12-29T00:00:00Z,2023-12-31,quarterly
2024-03-28,rally-macallan1,,,15.0,0.0,15000.0,manual:chart_observation:exact:rally_app_chart,chart_observation,exact,Rally App,2024-03-28T00:00:00Z,2024-03-31,quarterly
2024-06-28,rally-macallan1,,,17.75,0.0,17750.0,manual:chart_observation:exact:rally_app_chart,chart_observation,exact,Rally App,2024-06-28T00:00:00Z,2024-06-30,quarterly
2024-09-26,rally-macallan1,,,12.9,0.0,12900.0,manual:chart_observation:exact:rally_app_chart,chart_observation,exact,Rally App,2024-09-26T00:00:00Z,2024-09-30,quarterly
2024-12-30,rally-macallan1,,,14.0,0.0,14000.0,manual:chart_observation:exact:rally_app_chart,chart_observation,exact,Rally App,2024-12-30T00:00:00Z,2024-12-31,quarterly
2025-03-27,rally-macallan1,,,14.5,0.0,14500.0,manual:chart_observation:exact:rally_app_chart,chart_observation,exact,Rally App,2025-03-27T00:00:00Z,2025-03-31,quarterly
2025-06-30,rally-macallan1,,,17.9,0.0,17900.0,manual:chart_observation:exact:rally_app_chart,chart_observation,exact,Rally App,2025-06-30T00:00:00Z,2025-06-30,quarterly
2025-09-25,rally-macallan1,,,17.75,0.0,17750.0,manual:chart_observation:exact:rally_app_chart,chart_observation,exact,Rally App,2025-09-25T00:00:00Z,2025-09-30,quarterly
2025-12-29,rally-macallan1,,,16.75,0.0,16750.0,manual:chart_observation:exact:rally_app_chart,chart_observation,exact,Rally App,2025-12-29T00:00:00Z,2025-12-31,quarterly
2026-03-27,rally-macallan1,,,15.0,0.0,15000.0,manual:chart_observation:exact:rally_app_chart,chart_observation,exact,Rally App,2026-03-27T00:00:00Z,2026-03-31,quarterly
2026-06-29,rally-macallan1,,,12.5,0.0,12500.0,manual:chart_observation:exact:rally_app_chart,chart_observation,exact,Rally App,2026-06-29T00:00:00Z,2026-06-30,quarterly
2022-06-27,rally-macallan2,,,6.0,0.0,30000.0,manual:chart_observation:exact:rally_app_chart,chart_observation,exact,Rally App,2022-06-27T00:00:00Z,2022-06-30,quarterly
2022-09-29,rally-macallan2,,,8.75,0.0,43750.0,manual:chart_observation:exact:rally_app_chart,chart_observation,exact,Rally App,2022-09-29T00:00:00Z,2022-09-30,quarterly
2022-12-30,rally-macallan2,,,8.85,0.0,44250.0,manual:chart_observation:exact:rally_app_chart,chart_observation,exact,Rally App,2022-12-30T00:00:00Z,2022-12-31,quarterly
2023-03-29,rally-macallan2,,,11.95,0.0,59750.0,manual:chart_observation:exact:rally_app_chart,chart_observation,exact,Rally App,2023-03-29T00:00:00Z,2023-03-31,quarterly
2023-06-30,rally-macallan2,,,9.95,0.0,49750.0,manual:chart_observation:exact:rally_app_chart,chart_observation,exact,Rally App,2023-06-30T00:00:00Z,2023-06-30,quarterly
2023-09-26,rally-macallan2,,,7.0,0.0,35000.0,manual:chart_observation:exact:rally_app_chart,chart_observation,exact,Rally App,2023-09-26T00:00:00Z,2023-09-30,quarterly
2023-12-29,rally-macallan2,,,9.0,0.0,45000.0,manual:chart_observation:exact:rally_app_chart,chart_observation,exact,Rally App,2023-12-29T00:00:00Z,2023-12-31,quarterly
2024-03-28,rally-macallan2,,,8.0,0.0,40000.0,manual:chart_observation:exact:rally_app_chart,chart_observation,exact,Rally App,2024-03-28T00:00:00Z,2024-03-31,quarterly
2024-06-26,rally-macallan2,,,6.05,0.0,30250.0,manual:chart_observation:exact:rally_app_chart,chart_observation,exact,Rally App,2024-06-26T00:00:00Z,2024-06-30,quarterly
2024-09-27,rally-macallan2,,,9.0,0.0,45000.0,manual:chart_observation:exact:rally_app_chart,chart_observation,exact,Rally App,2024-09-27T00:00:00Z,2024-09-30,quarterly
2024-12-27,rally-macallan2,,,6.7,0.0,33500.0,manual:chart_observation:exact:rally_app_chart,chart_observation,exact,Rally App,2024-12-27T00:00:00Z,2024-12-31,quarterly
2025-03-31,rally-macallan2,,,7.45,0.0,37250.0,manual:chart_observation:exact:rally_app_chart,chart_observation,exact,Rally App,2025-03-31T00:00:00Z,2025-03-31,quarterly
2025-06-27,rally-macallan2,,,7.0,0.0,35000.0,manual:chart_observation:exact:rally_app_chart,chart_observation,exact,Rally App,2025-06-27T00:00:00Z,2025-06-30,quarterly
2025-09-29,rally-macallan2,,,6.85,0.0,34250.0,manual:chart_observation:exact:rally_app_chart,chart_observation,exact,Rally App,2025-09-29T00:00:00Z,2025-09-30,quarterly
2025-12-30,rally-macallan2,,,7.3,0.0,36500.0,manual:chart_observation:exact:rally_app_chart,chart_observation,exact,Rally App,2025-12-30T00:00:00Z,2025-12-31,quarterly
2026-03-27,rally-macallan2,,,6.0,0.0,30000.0,manual:chart_observation:exact:rally_app_chart,chart_observation,exact,Rally App,2026-03-27T00:00:00Z,2026-03-31,quarterly
2026-06-29,rally-macallan2,,,5.8,0.0,29000.0,manual:chart_observation:exact:rally_app_chart,chart_observation,exact,Rally App,2026-06-29T00:00:00Z,2026-06-30,quarterly
2022-12-30,rally-macallan3,,,6.5,0.0,26650.0,manual:chart_observation:exact:rally_app_chart,chart_observation,exact,Rally App,2022-12-30T00:00:00Z,2022-12-31,quarterly
2023-03-31,rally-macallan3,,,7.25,0.0,29725.0,manual:chart_observation:exact:rally_app_chart,chart_observation,exact,Rally App,2023-03-31T00:00:00Z,2023-03-31,quarterly
2023-06-29,rally-macallan3,,,7.15,0.0,29315.0,manual:chart_observation:exact:rally_app_chart,chart_observation,exact,Rally App,2023-06-29T00:00:00Z,2023-06-30,quarterly
2023-09-26,rally-macallan3,,,6.9,0.0,28290.0,manual:chart_observation:exact:rally_app_chart,chart_observation,exact,Rally App,2023-09-26T00:00:00Z,2023-09-30,quarterly
2023-12-29,rally-macallan3,,,6.9,0.0,28290.0,manual:chart_observation:exact:rally_app_chart,chart_observation,exact,Rally App,2023-12-29T00:00:00Z,2023-12-31,quarterly
2024-03-28,rally-macallan3,,,5.9,0.0,24190.0,manual:chart_observation:exact:rally_app_chart,chart_observation,exact,Rally App,2024-03-28T00:00:00Z,2024-03-31,quarterly
2024-06-26,rally-macallan3,,,5.9,0.0,24190.0,manual:chart_observation:exact:rally_app_chart,chart_observation,exact,Rally App,2024-06-26T00:00:00Z,2024-06-30,quarterly
2024-09-27,rally-macallan3,,,6.8,0.0,27880.0,manual:chart_observation:exact:rally_app_chart,chart_observation,exact,Rally App,2024-09-27T00:00:00Z,2024-09-30,quarterly
2024-12-31,rally-macallan3,,,6.3,0.0,25830.0,manual:chart_observation:exact:rally_app_chart,chart_observation,exact,Rally App,2024-12-31T00:00:00Z,2024-12-31,quarterly
2025-03-31,rally-macallan3,,,6.3,0.0,25830.0,manual:chart_observation:exact:rally_app_chart,chart_observation,exact,Rally App,2025-03-31T00:00:00Z,2025-03-31,quarterly
2025-06-27,rally-macallan3,,,5.55,0.0,22755.0,manual:chart_observation:exact:rally_app_chart,chart_observation,exact,Rally App,2025-06-27T00:00:00Z,2025-06-30,quarterly
2025-09-30,rally-macallan3,,,6.4,0.0,26240.0,manual:chart_observation:exact:rally_app_chart,chart_observation,exact,Rally App,2025-09-30T00:00:00Z,2025-09-30,quarterly
2025-12-29,rally-macallan3,,,6.3,0.0,25830.0,manual:chart_observation:exact:rally_app_chart,chart_observation,exact,Rally App,2025-12-29T00:00:00Z,2025-12-31,quarterly
2026-03-27,rally-macallan3,,,6.3,0.0,25830.0,manual:chart_observation:exact:rally_app_chart,chart_observation,exact,Rally App,2026-03-27T00:00:00Z,2026-03-31,quarterly
2026-06-26,rally-macallan3,,,6.3,0.0,25830.0,manual:chart_observation:exact:rally_app_chart,chart_observation,exact,Rally App,2026-06-26T00:00:00Z,2026-06-30,quarterly
2022-12-30,rally-megalodon,,,4.5,0.0,135000.0,manual:chart_observation:exact:rally_app_chart,chart_observation,exact,Rally App,2022-12-30T00:00:00Z,2022-12-31,quarterly
2023-03-29,rally-megalodon,,,4.75,0.0,142500.0,manual:chart_observation:exact:rally_app_chart,chart_observation,exact,Rally App,2023-03-29T00:00:00Z,2023-03-31,quarterly
2023-06-30,rally-megalodon,,,5.0,0.0,150000.0,manual:chart_observation:exact:rally_app_chart,chart_observation,exact,Rally App,2023-06-30T00:00:00Z,2023-06-30,quarterly
2023-09-27,rally-megalodon,,,4.95,0.0,148500.0,manual:chart_observation:exact:rally_app_chart,chart_observation,exact,Rally App,2023-09-27T00:00:00Z,2023-09-30,quarterly
2023-12-29,rally-megalodon,,,3.2,0.0,96000.0,manual:chart_observation:exact:rally_app_chart,chart_observation,exact,Rally App,2023-12-29T00:00:00Z,2023-12-31,quarterly
2024-03-28,rally-megalodon,,,4.85,0.0,145500.0,manual:chart_observation:exact:rally_app_chart,chart_observation,exact,Rally App,2024-03-28T00:00:00Z,2024-03-31,quarterly
2024-06-24,rally-megalodon,,,4.7,0.0,141000.0,manual:chart_observation:exact:rally_app_chart,chart_observation,exact,Rally App,2024-06-24T00:00:00Z,2024-06-30,quarterly
2024-09-26,rally-megalodon,,,4.75,0.0,142500.0,manual:chart_observation:exact:rally_app_chart,chart_observation,exact,Rally App,2024-09-26T00:00:00Z,2024-09-30,quarterly
2024-12-30,rally-megalodon,,,6.65,0.0,199500.0,manual:chart_observation:exact:rally_app_chart,chart_observation,exact,Rally App,2024-12-30T00:00:00Z,2024-12-31,quarterly
2025-03-28,rally-megalodon,,,7.15,0.0,214500.0,manual:chart_observation:exact:rally_app_chart,chart_observation,exact,Rally App,2025-03-28T00:00:00Z,2025-03-31,quarterly
2025-06-30,rally-megalodon,,,5.6,0.0,168000.0,manual:chart_observation:exact:rally_app_chart,chart_observation,exact,Rally App,2025-06-30T00:00:00Z,2025-06-30,quarterly
2025-09-26,rally-megalodon,,,5.4,0.0,162000.0,manual:chart_observation:exact:rally_app_chart,chart_observation,exact,Rally App,2025-09-26T00:00:00Z,2025-09-30,quarterly
2025-12-29,rally-megalodon,,,5.15,0.0,154500.0,manual:chart_observation:exact:rally_app_chart,chart_observation,exact,Rally App,2025-12-29T00:00:00Z,2025-12-31,quarterly
2026-03-27,rally-megalodon,,,4.95,0.0,148500.0,manual:chart_observation:exact:rally_app_chart,chart_observation,exact,Rally App,2026-03-27T00:00:00Z,2026-03-31,quarterly
2026-06-30,rally-megalodon,,,5.95,0.0,178500.0,manual:chart_observation:exact:rally_app_chart,chart_observation,exact,Rally App,2026-06-30T00:00:00Z,2026-06-30,quarterly
2021-06-21,rally-mosasaur,,,5.05,0.0,30300.0,manual:chart_observation:exact:rally_app_chart,chart_observation,exact,Rally App,2021-06-21T00:00:00Z,2021-06-30,quarterly
2021-09-20,rally-mosasaur,,,5.3,0.0,31800.0,manual:chart_observation:exact:rally_app_chart,chart_observation,exact,Rally App,2021-09-20T00:00:00Z,2021-09-30,quarterly
2022-01-10,rally-mosasaur,,,4.85,0.0,29100.0,manual:chart_observation:exact:rally_app_chart,chart_observation,exact,Rally App,2022-01-10T00:00:00Z,2021-12-31,quarterly
2022-03-29,rally-mosasaur,,,4.4,0.0,26400.0,manual:chart_observation:exact:rally_app_chart,chart_observation,exact,Rally App,2022-03-29T00:00:00Z,2022-03-31,quarterly
2022-06-27,rally-mosasaur,,,4.5,0.0,27100.0,manual:chart_observation:exact:rally_app_chart,chart_observation,exact,Rally App,2022-06-27T00:00:00Z,2022-06-30,quarterly
2022-09-30,rally-mosasaur,,,4.7,0.0,28200.0,manual:chart_observation:exact:rally_app_chart,chart_observation,exact,Rally App,2022-09-30T00:00:00Z,2022-09-30,quarterly
2022-12-28,rally-mosasaur,,,3.6,0.0,21600.0,manual:chart_observation:exact:rally_app_chart,chart_observation,exact,Rally App,2022-12-28T00:00:00Z,2022-12-31,quarterly
2023-03-28,rally-mosasaur,,,4.4,0.0,26400.0,manual:chart_observation:exact:rally_app_chart,chart_observation,exact,Rally App,2023-03-28T00:00:00Z,2023-03-31,quarterly
2023-06-26,rally-mosasaur,,,3.0,0.0,18000.0,manual:chart_observation:exact:rally_app_chart,chart_observation,exact,Rally App,2023-06-26T00:00:00Z,2023-06-30,quarterly
2023-09-29,rally-mosasaur,,,3.5,0.0,21000.0,manual:chart_observation:exact:rally_app_chart,chart_observation,exact,Rally App,2023-09-29T00:00:00Z,2023-09-30,quarterly
2023-12-29,rally-mosasaur,,,2.9,0.0,17400.0,manual:chart_observation:exact:rally_app_chart,chart_observation,exact,Rally App,2023-12-29T00:00:00Z,2023-12-31,quarterly
2024-03-26,rally-mosasaur,,,3.95,0.0,23700.0,manual:chart_observation:exact:rally_app_chart,chart_observation,exact,Rally App,2024-03-26T00:00:00Z,2024-03-31,quarterly
2024-06-24,rally-mosasaur,,,4.75,0.0,28500.0,manual:chart_observation:exact:rally_app_chart,chart_observation,exact,Rally App,2024-06-24T00:00:00Z,2024-06-30,quarterly
2024-09-27,rally-mosasaur,,,5.25,0.0,31500.0,manual:chart_observation:exact:rally_app_chart,chart_observation,exact,Rally App,2024-09-27T00:00:00Z,2024-09-30,quarterly
2024-12-26,rally-mosasaur,,,8.2,0.0,49200.0,manual:chart_observation:exact:rally_app_chart,chart_observation,exact,Rally App,2024-12-26T00:00:00Z,2024-12-31,quarterly
2025-03-31,rally-mosasaur,,,5.5,0.0,33000.0,manual:chart_observation:exact:rally_app_chart,chart_observation,exact,Rally App,2025-03-31T00:00:00Z,2025-03-31,quarterly
2025-06-30,rally-mosasaur,,,4.0,0.0,24000.0,manual:chart_observation:exact:rally_app_chart,chart_observation,exact,Rally App,2025-06-30T00:00:00Z,2025-06-30,quarterly
2025-09-26,rally-mosasaur,,,4.65,0.0,27900.0,manual:chart_observation:exact:rally_app_chart,chart_observation,exact,Rally App,2025-09-26T00:00:00Z,2025-09-30,quarterly
2025-12-31,rally-mosasaur,,,5.7,0.0,34200.0,manual:chart_observation:exact:rally_app_chart,chart_observation,exact,Rally App,2025-12-31T00:00:00Z,2025-12-31,quarterly
2026-03-31,rally-mosasaur,,,4.75,0.0,28500.0,manual:chart_observation:exact:rally_app_chart,chart_observation,exact,Rally App,2026-03-31T00:00:00Z,2026-03-31,quarterly
2026-06-29,rally-mosasaur,,,5.7,0.0,34200.0,manual:chart_observation:exact:rally_app_chart,chart_observation,exact,Rally App,2026-06-29T00:00:00Z,2026-06-30,quarterly
2022-12-28,rally-pappy1,,,17.75,0.0,35500.0,manual:chart_observation:exact:rally_app_chart,chart_observation,exact,Rally App,2022-12-28T00:00:00Z,2022-12-31,quarterly
2023-03-30,rally-pappy1,,,29.95,0.0,59900.0,manual:chart_observation:exact:rally_app_chart,chart_observation,exact,Rally App,2023-03-30T00:00:00Z,2023-03-31,quarterly
2023-06-29,rally-pappy1,,,24.95,0.0,49900.0,manual:chart_observation:exact:rally_app_chart,chart_observation,exact,Rally App,2023-06-29T00:00:00Z,2023-06-30,quarterly
2023-09-28,rally-pappy1,,,27.0,0.0,54000.0,manual:chart_observation:exact:rally_app_chart,chart_observation,exact,Rally App,2023-09-28T00:00:00Z,2023-09-30,quarterly
2023-12-28,rally-pappy1,,,29.4,0.0,58800.0,manual:chart_observation:exact:rally_app_chart,chart_observation,exact,Rally App,2023-12-28T00:00:00Z,2023-12-31,quarterly
2024-03-28,rally-pappy1,,,41.25,0.0,82500.0,manual:chart_observation:exact:rally_app_chart,chart_observation,exact,Rally App,2024-03-28T00:00:00Z,2024-03-31,quarterly
2024-06-27,rally-pappy1,,,27.0,0.0,54000.0,manual:chart_observation:exact:rally_app_chart,chart_observation,exact,Rally App,2024-06-27T00:00:00Z,2024-06-30,quarterly
2024-09-23,rally-pappy1,,,28.0,0.0,56000.0,manual:chart_observation:exact:rally_app_chart,chart_observation,exact,Rally App,2024-09-23T00:00:00Z,2024-09-30,quarterly
2024-12-27,rally-pappy1,,,37.25,0.0,74500.0,manual:chart_observation:exact:rally_app_chart,chart_observation,exact,Rally App,2024-12-27T00:00:00Z,2024-12-31,quarterly
2025-03-28,rally-pappy1,,,36.25,0.0,72500.0,manual:chart_observation:exact:rally_app_chart,chart_observation,exact,Rally App,2025-03-28T00:00:00Z,2025-03-31,quarterly
2025-06-27,rally-pappy1,,,37.3,0.0,74600.0,manual:chart_observation:exact:rally_app_chart,chart_observation,exact,Rally App,2025-06-27T00:00:00Z,2025-06-30,quarterly
2025-09-30,rally-pappy1,,,39.0,0.0,78000.0,manual:chart_observation:exact:rally_app_chart,chart_observation,exact,Rally App,2025-09-30T00:00:00Z,2025-09-30,quarterly
2025-12-31,rally-pappy1,,,36.9,0.0,73800.0,manual:chart_observation:exact:rally_app_chart,chart_observation,exact,Rally App,2025-12-31T00:00:00Z,2025-12-31,quarterly
2026-03-27,rally-pappy1,,,35.0,0.0,70000.0,manual:chart_observation:exact:rally_app_chart,chart_observation,exact,Rally App,2026-03-27T00:00:00Z,2026-03-31,quarterly
2026-06-26,rally-pappy1,,,32.55,0.0,65100.0,manual:chart_observation:exact:rally_app_chart,chart_observation,exact,Rally App,2026-06-26T00:00:00Z,2026-06-30,quarterly
2021-04-29,rally-picnic,,,15.0,0.0,30000.0,manual:chart_observation:exact:rally_app_chart,chart_observation,exact,Rally App,2021-04-29T00:00:00Z,2021-03-31,quarterly
2021-07-14,rally-picnic,,,24.5,0.0,49000.0,manual:chart_observation:exact:rally_app_chart,chart_observation,exact,Rally App,2021-07-14T00:00:00Z,2021-06-30,quarterly
2021-09-15,rally-picnic,,,26.1,0.0,52200.0,manual:chart_observation:exact:rally_app_chart,chart_observation,exact,Rally App,2021-09-15T00:00:00Z,2021-09-30,quarterly
2022-04-11,rally-picnic,,,25.6,0.0,51200.0,manual:chart_observation:exact:rally_app_chart,chart_observation,exact,Rally App,2022-04-11T00:00:00Z,2022-03-31,quarterly
2022-06-27,rally-picnic,,,16.0,0.0,32000.0,manual:chart_observation:exact:rally_app_chart,chart_observation,exact,Rally App,2022-06-27T00:00:00Z,2022-06-30,quarterly
2022-09-27,rally-picnic,,,14.95,0.0,29900.0,manual:chart_observation:exact:rally_app_chart,chart_observation,exact,Rally App,2022-09-27T00:00:00Z,2022-09-30,quarterly
2022-12-29,rally-picnic,,,13.9,0.0,27800.0,manual:chart_observation:exact:rally_app_chart,chart_observation,exact,Rally App,2022-12-29T00:00:00Z,2022-12-31,quarterly
2023-03-27,rally-picnic,,,14.95,0.0,29900.0,manual:chart_observation:exact:rally_app_chart,chart_observation,exact,Rally App,2023-03-27T00:00:00Z,2023-03-31,quarterly
2023-06-27,rally-picnic,,,23.0,0.0,46000.0,manual:chart_observation:exact:rally_app_chart,chart_observation,exact,Rally App,2023-06-27T00:00:00Z,2023-06-30,quarterly
2023-09-28,rally-picnic,,,17.0,0.0,34000.0,manual:chart_observation:exact:rally_app_chart,chart_observation,exact,Rally App,2023-09-28T00:00:00Z,2023-09-30,quarterly
2023-12-29,rally-picnic,,,17.0,0.0,34000.0,manual:chart_observation:exact:rally_app_chart,chart_observation,exact,Rally App,2023-12-29T00:00:00Z,2023-12-31,quarterly
2024-03-25,rally-picnic,,,16.85,0.0,33700.0,manual:chart_observation:exact:rally_app_chart,chart_observation,exact,Rally App,2024-03-25T00:00:00Z,2024-03-31,quarterly
2024-06-26,rally-picnic,,,15.35,0.0,30700.0,manual:chart_observation:exact:rally_app_chart,chart_observation,exact,Rally App,2024-06-26T00:00:00Z,2024-06-30,quarterly
2024-09-27,rally-picnic,,,15.5,0.0,31000.0,manual:chart_observation:exact:rally_app_chart,chart_observation,exact,Rally App,2024-09-27T00:00:00Z,2024-09-30,quarterly
2024-12-30,rally-picnic,,,12.3,0.0,24600.0,manual:chart_observation:exact:rally_app_chart,chart_observation,exact,Rally App,2024-12-30T00:00:00Z,2024-12-31,quarterly
2025-03-26,rally-picnic,,,12.9,0.0,25800.0,manual:chart_observation:exact:rally_app_chart,chart_observation,exact,Rally App,2025-03-26T00:00:00Z,2025-03-31,quarterly
2025-06-27,rally-picnic,,,11.05,0.0,22100.0,manual:chart_observation:exact:rally_app_chart,chart_observation,exact,Rally App,2025-06-27T00:00:00Z,2025-06-30,quarterly
2025-09-29,rally-picnic,,,17.0,0.0,34000.0,manual:chart_observation:exact:rally_app_chart,chart_observation,exact,Rally App,2025-09-29T00:00:00Z,2025-09-30,quarterly
2025-12-30,rally-picnic,,,17.9,0.0,35800.0,manual:chart_observation:exact:rally_app_chart,chart_observation,exact,Rally App,2025-12-30T00:00:00Z,2025-12-31,quarterly
2026-03-27,rally-picnic,,,21.0,0.0,42000.0,manual:chart_observation:exact:rally_app_chart,chart_observation,exact,Rally App,2026-03-27T00:00:00Z,2026-03-31,quarterly
2026-06-29,rally-picnic,,,13.3,0.0,26600.0,manual:chart_observation:exact:rally_app_chart,chart_observation,exact,Rally App,2026-06-29T00:00:00Z,2026-06-30,quarterly
2021-09-30,rally-riviera,,,5.05,0.0,30300.0,manual:chart_observation:exact:rally_app_chart,chart_observation,exact,Rally App,2021-09-30T00:00:00Z,2021-09-30,quarterly
2022-01-03,rally-riviera,,,5.0,0.0,30000.0,manual:chart_observation:exact:rally_app_chart,chart_observation,exact,Rally App,2022-01-03T00:00:00Z,2021-12-31,quarterly
2022-03-28,rally-riviera,,,4.5,0.0,27000.0,manual:chart_observation:exact:rally_app_chart,chart_observation,exact,Rally App,2022-03-28T00:00:00Z,2022-03-31,quarterly
2022-06-30,rally-riviera,,,3.5,0.0,21000.0,manual:chart_observation:exact:rally_app_chart,chart_observation,exact,Rally App,2022-06-30T00:00:00Z,2022-06-30,quarterly
2022-09-30,rally-riviera,,,4.15,0.0,24900.0,manual:chart_observation:exact:rally_app_chart,chart_observation,exact,Rally App,2022-09-30T00:00:00Z,2022-09-30,quarterly
2022-12-27,rally-riviera,,,4.25,0.0,25500.0,manual:chart_observation:exact:rally_app_chart,chart_observation,exact,Rally App,2022-12-27T00:00:00Z,2022-12-31,quarterly
2023-03-31,rally-riviera,,,4.5,0.0,27000.0,manual:chart_observation:exact:rally_app_chart,chart_observation,exact,Rally App,2023-03-31T00:00:00Z,2023-03-31,quarterly
2023-06-26,rally-riviera,,,5.0,0.0,30000.0,manual:chart_observation:exact:rally_app_chart,chart_observation,exact,Rally App,2023-06-26T00:00:00Z,2023-06-30,quarterly
2023-09-27,rally-riviera,,,4.0,0.0,24000.0,manual:chart_observation:exact:rally_app_chart,chart_observation,exact,Rally App,2023-09-27T00:00:00Z,2023-09-30,quarterly
2023-12-29,rally-riviera,,,4.95,0.0,29700.0,manual:chart_observation:exact:rally_app_chart,chart_observation,exact,Rally App,2023-12-29T00:00:00Z,2023-12-31,quarterly
2024-03-26,rally-riviera,,,4.9,0.0,29400.0,manual:chart_observation:exact:rally_app_chart,chart_observation,exact,Rally App,2024-03-26T00:00:00Z,2024-03-31,quarterly
2024-06-27,rally-riviera,,,3.25,0.0,19500.0,manual:chart_observation:exact:rally_app_chart,chart_observation,exact,Rally App,2024-06-27T00:00:00Z,2024-06-30,quarterly
2024-09-27,rally-riviera,,,3.7,0.0,22200.0,manual:chart_observation:exact:rally_app_chart,chart_observation,exact,Rally App,2024-09-27T00:00:00Z,2024-09-30,quarterly
2024-12-31,rally-riviera,,,4.1,0.0,24600.0,manual:chart_observation:exact:rally_app_chart,chart_observation,exact,Rally App,2024-12-31T00:00:00Z,2024-12-31,quarterly
2025-03-28,rally-riviera,,,4.5,0.0,27000.0,manual:chart_observation:exact:rally_app_chart,chart_observation,exact,Rally App,2025-03-28T00:00:00Z,2025-03-31,quarterly
2025-06-30,rally-riviera,,,4.3,0.0,25800.0,manual:chart_observation:exact:rally_app_chart,chart_observation,exact,Rally App,2025-06-30T00:00:00Z,2025-06-30,quarterly
2025-09-25,rally-riviera,,,4.0,0.0,24000.0,manual:chart_observation:exact:rally_app_chart,chart_observation,exact,Rally App,2025-09-25T00:00:00Z,2025-09-30,quarterly
2025-12-26,rally-riviera,,,3.85,0.0,23100.0,manual:chart_observation:exact:rally_app_chart,chart_observation,exact,Rally App,2025-12-26T00:00:00Z,2025-12-31,quarterly
2026-03-30,rally-riviera,,,4.0,0.0,24000.0,manual:chart_observation:exact:rally_app_chart,chart_observation,exact,Rally App,2026-03-30T00:00:00Z,2026-03-31,quarterly
2026-06-26,rally-riviera,,,3.3,0.0,19800.0,manual:chart_observation:exact:rally_app_chart,chart_observation,exact,Rally App,2026-06-26T00:00:00Z,2026-06-30,quarterly
2020-03-17,rally-rlexpepsi,,,10.0,0.0,20000.0,manual:chart_observation:exact:rally_app_chart,chart_observation,exact,Rally App,2020-03-17T00:00:00Z,2020-03-31,quarterly
2020-06-30,rally-rlexpepsi,,,13.5,0.0,27000.0,manual:chart_observation:exact:rally_app_chart,chart_observation,exact,Rally App,2020-06-30T00:00:00Z,2020-06-30,quarterly
2020-10-20,rally-rlexpepsi,,,13.5,0.0,27000.0,manual:chart_observation:exact:rally_app_chart,chart_observation,exact,Rally App,2020-10-20T00:00:00Z,2020-09-30,quarterly
2021-01-21,rally-rlexpepsi,,,14.25,0.0,28500.0,manual:chart_observation:exact:rally_app_chart,chart_observation,exact,Rally App,2021-01-21T00:00:00Z,2020-12-31,quarterly
2021-03-23,rally-rlexpepsi,,,10.25,0.0,20500.0,manual:chart_observation:exact:rally_app_chart,chart_observation,exact,Rally App,2021-03-23T00:00:00Z,2021-03-31,quarterly
2021-06-07,rally-rlexpepsi,,,11.0,0.0,22000.0,manual:chart_observation:exact:rally_app_chart,chart_observation,exact,Rally App,2021-06-07T00:00:00Z,2021-06-30,quarterly
2021-08-25,rally-rlexpepsi,,,14.25,0.0,28500.0,manual:chart_observation:exact:rally_app_chart,chart_observation,exact,Rally App,2021-08-25T00:00:00Z,2021-09-30,quarterly
2022-01-24,rally-rlexpepsi,,,14.25,0.0,28500.0,manual:chart_observation:exact:rally_app_chart,chart_observation,exact,Rally App,2022-01-24T00:00:00Z,2021-12-31,quarterly
2022-03-28,rally-rlexpepsi,,,14.25,0.0,28500.0,manual:chart_observation:exact:rally_app_chart,chart_observation,exact,Rally App,2022-03-28T00:00:00Z,2022-03-31,quarterly
2022-06-24,rally-rlexpepsi,,,13.0,0.0,26000.0,manual:chart_observation:exact:rally_app_chart,chart_observation,exact,Rally App,2022-06-24T00:00:00Z,2022-06-30,quarterly
2022-09-29,rally-rlexpepsi,,,16.5,0.0,33000.0,manual:chart_observation:exact:rally_app_chart,chart_observation,exact,Rally App,2022-09-29T00:00:00Z,2022-09-30,quarterly
2022-12-27,rally-rlexpepsi,,,13.8,0.0,27600.0,manual:chart_observation:exact:rally_app_chart,chart_observation,exact,Rally App,2022-12-27T00:00:00Z,2022-12-31,quarterly
2023-03-27,rally-rlexpepsi,,,11.15,0.0,22300.0,manual:chart_observation:exact:rally_app_chart,chart_observation,exact,Rally App,2023-03-27T00:00:00Z,2023-03-31,quarterly
2023-06-30,rally-rlexpepsi,,,11.0,0.0,22000.0,manual:chart_observation:exact:rally_app_chart,chart_observation,exact,Rally App,2023-06-30T00:00:00Z,2023-06-30,quarterly
2023-09-28,rally-rlexpepsi,,,12.7,0.0,25400.0,manual:chart_observation:exact:rally_app_chart,chart_observation,exact,Rally App,2023-09-28T00:00:00Z,2023-09-30,quarterly
2023-12-27,rally-rlexpepsi,,,13.0,0.0,26000.0,manual:chart_observation:exact:rally_app_chart,chart_observation,exact,Rally App,2023-12-27T00:00:00Z,2023-12-31,quarterly
2024-03-25,rally-rlexpepsi,,,13.0,0.0,26000.0,manual:chart_observation:exact:rally_app_chart,chart_observation,exact,Rally App,2024-03-25T00:00:00Z,2024-03-31,quarterly
2024-06-21,rally-rlexpepsi,,,11.5,0.0,23000.0,manual:chart_observation:exact:rally_app_chart,chart_observation,exact,Rally App,2024-06-21T00:00:00Z,2024-06-30,quarterly
2024-09-27,rally-rlexpepsi,,,11.2,0.0,22400.0,manual:chart_observation:exact:rally_app_chart,chart_observation,exact,Rally App,2024-09-27T00:00:00Z,2024-09-30,quarterly
2024-12-24,rally-rlexpepsi,,,10.9,0.0,21800.0,manual:chart_observation:exact:rally_app_chart,chart_observation,exact,Rally App,2024-12-24T00:00:00Z,2024-12-31,quarterly
2025-03-24,rally-rlexpepsi,,,10.9,0.0,21800.0,manual:chart_observation:exact:rally_app_chart,chart_observation,exact,Rally App,2025-03-24T00:00:00Z,2025-03-31,quarterly
2025-06-30,rally-rlexpepsi,,,10.85,0.0,21700.0,manual:chart_observation:exact:rally_app_chart,chart_observation,exact,Rally App,2025-06-30T00:00:00Z,2025-06-30,quarterly
2025-09-26,rally-rlexpepsi,,,10.7,0.0,21400.0,manual:chart_observation:exact:rally_app_chart,chart_observation,exact,Rally App,2025-09-26T00:00:00Z,2025-09-30,quarterly
2025-12-31,rally-rlexpepsi,,,10.7,0.0,21400.0,manual:chart_observation:exact:rally_app_chart,chart_observation,exact,Rally App,2025-12-31T00:00:00Z,2025-12-31,quarterly
2026-03-31,rally-rlexpepsi,,,11.0,0.0,22000.0,manual:chart_observation:exact:rally_app_chart,chart_observation,exact,Rally App,2026-03-31T00:00:00Z,2026-03-31,quarterly
2026-06-29,rally-rlexpepsi,,,10.0,0.0,20000.0,manual:chart_observation:exact:rally_app_chart,chart_observation,exact,Rally App,2026-06-29T00:00:00Z,2026-06-30,quarterly
2020-05-05,rally-smurf,,,18.0,0.0,36000.0,manual:chart_observation:exact:rally_app_chart,chart_observation,exact,Rally App,2020-05-05T00:00:00Z,2020-03-31,quarterly
2020-11-17,rally-smurf,,,18.0,0.0,36000.0,manual:chart_observation:exact:rally_app_chart,chart_observation,exact,Rally App,2020-11-17T00:00:00Z,2020-09-30,quarterly
2021-02-09,rally-smurf,,,25.0,0.0,50000.0,manual:chart_observation:exact:rally_app_chart,chart_observation,exact,Rally App,2021-02-09T00:00:00Z,2020-12-31,quarterly
2021-05-28,rally-smurf,,,25.0,0.0,50000.0,manual:chart_observation:exact:rally_app_chart,chart_observation,exact,Rally App,2021-05-28T00:00:00Z,2021-03-31,quarterly
2021-08-16,rally-smurf,,,27.0,0.0,54000.0,manual:chart_observation:exact:rally_app_chart,chart_observation,exact,Rally App,2021-08-16T00:00:00Z,2021-06-30,quarterly
2022-03-25,rally-smurf,,,18.75,0.0,37500.0,manual:chart_observation:exact:rally_app_chart,chart_observation,exact,Rally App,2022-03-25T00:00:00Z,2022-03-31,quarterly
2022-06-30,rally-smurf,,,17.0,0.0,34000.0,manual:chart_observation:exact:rally_app_chart,chart_observation,exact,Rally App,2022-06-30T00:00:00Z,2022-06-30,quarterly
2022-09-26,rally-smurf,,,15.0,0.0,30000.0,manual:chart_observation:exact:rally_app_chart,chart_observation,exact,Rally App,2022-09-26T00:00:00Z,2022-09-30,quarterly
2022-12-30,rally-smurf,,,18.0,0.0,36000.0,manual:chart_observation:exact:rally_app_chart,chart_observation,exact,Rally App,2022-12-30T00:00:00Z,2022-12-31,quarterly
2023-03-29,rally-smurf,,,20.15,0.0,40300.0,manual:chart_observation:exact:rally_app_chart,chart_observation,exact,Rally App,2023-03-29T00:00:00Z,2023-03-31,quarterly
2023-06-26,rally-smurf,,,21.0,0.0,42000.0,manual:chart_observation:exact:rally_app_chart,chart_observation,exact,Rally App,2023-06-26T00:00:00Z,2023-06-30,quarterly
2023-09-29,rally-smurf,,,19.0,0.0,38000.0,manual:chart_observation:exact:rally_app_chart,chart_observation,exact,Rally App,2023-09-29T00:00:00Z,2023-09-30,quarterly
2023-12-27,rally-smurf,,,15.0,0.0,30000.0,manual:chart_observation:exact:rally_app_chart,chart_observation,exact,Rally App,2023-12-27T00:00:00Z,2023-12-31,quarterly
2024-03-25,rally-smurf,,,16.8,0.0,33600.0,manual:chart_observation:exact:rally_app_chart,chart_observation,exact,Rally App,2024-03-25T00:00:00Z,2024-03-31,quarterly
2024-06-28,rally-smurf,,,16.65,0.0,33300.0,manual:chart_observation:exact:rally_app_chart,chart_observation,exact,Rally App,2024-06-28T00:00:00Z,2024-06-30,quarterly
2024-09-25,rally-smurf,,,17.25,0.0,34500.0,manual:chart_observation:exact:rally_app_chart,chart_observation,exact,Rally App,2024-09-25T00:00:00Z,2024-09-30,quarterly
2024-12-30,rally-smurf,,,17.5,0.0,35000.0,manual:chart_observation:exact:rally_app_chart,chart_observation,exact,Rally App,2024-12-30T00:00:00Z,2024-12-31,quarterly
2025-03-28,rally-smurf,,,18.5,0.0,37000.0,manual:chart_observation:exact:rally_app_chart,chart_observation,exact,Rally App,2025-03-28T00:00:00Z,2025-03-31,quarterly
2025-06-25,rally-smurf,,,18.5,0.0,37000.0,manual:chart_observation:exact:rally_app_chart,chart_observation,exact,Rally App,2025-06-25T00:00:00Z,2025-06-30,quarterly
2025-09-29,rally-smurf,,,18.45,0.0,36900.0,manual:chart_observation:exact:rally_app_chart,chart_observation,exact,Rally App,2025-09-29T00:00:00Z,2025-09-30,quarterly
2025-12-26,rally-smurf,,,16.35,0.0,32700.0,manual:chart_observation:exact:rally_app_chart,chart_observation,exact,Rally App,2025-12-26T00:00:00Z,2025-12-31,quarterly
2026-03-24,rally-smurf,,,17.5,0.0,35000.0,manual:chart_observation:exact:rally_app_chart,chart_observation,exact,Rally App,2026-03-24T00:00:00Z,2026-03-31,quarterly
2026-06-29,rally-smurf,,,18.05,0.0,36100.0,manual:chart_observation:exact:rally_app_chart,chart_observation,exact,Rally App,2026-06-29T00:00:00Z,2026-06-30,quarterly
2020-08-18,rally-snoopy,,,17.95,0.0,35900.0,manual:chart_observation:exact:rally_app_chart,chart_observation,exact,Rally App,2020-08-18T00:00:00Z,2020-09-30,quarterly
2020-12-01,rally-snoopy,,,18.0,0.0,36000.0,manual:chart_observation:exact:rally_app_chart,chart_observation,exact,Rally App,2020-12-01T00:00:00Z,2020-12-31,quarterly
2021-02-18,rally-snoopy,,,18.0,0.0,36000.0,manual:chart_observation:exact:rally_app_chart,chart_observation,exact,Rally App,2021-02-18T00:00:00Z,2021-03-31,quarterly
2021-04-22,rally-snoopy,,,18.0,0.0,36000.0,manual:chart_observation:exact:rally_app_chart,chart_observation,exact,Rally App,2021-04-22T00:00:00Z,2021-06-30,quarterly
2021-09-24,rally-snoopy,,,22.2,0.0,44400.0,manual:chart_observation:exact:rally_app_chart,chart_observation,exact,Rally App,2021-09-24T00:00:00Z,2021-09-30,quarterly
2022-01-10,rally-snoopy,,,19.2,0.0,38400.0,manual:chart_observation:exact:rally_app_chart,chart_observation,exact,Rally App,2022-01-10T00:00:00Z,2021-12-31,quarterly
2022-03-28,rally-snoopy,,,19.0,0.0,38000.0,manual:chart_observation:exact:rally_app_chart,chart_observation,exact,Rally App,2022-03-28T00:00:00Z,2022-03-31,quarterly
2022-06-27,rally-snoopy,,,13.5,0.0,27000.0,manual:chart_observation:exact:rally_app_chart,chart_observation,exact,Rally App,2022-06-27T00:00:00Z,2022-06-30,quarterly
2022-09-26,rally-snoopy,,,10.0,0.0,20000.0,manual:chart_observation:exact:rally_app_chart,chart_observation,exact,Rally App,2022-09-26T00:00:00Z,2022-09-30,quarterly
2022-12-27,rally-snoopy,,,16.15,0.0,32300.0,manual:chart_observation:exact:rally_app_chart,chart_observation,exact,Rally App,2022-12-27T00:00:00Z,2022-12-31,quarterly
2023-03-27,rally-snoopy,,,16.75,0.0,33500.0,manual:chart_observation:exact:rally_app_chart,chart_observation,exact,Rally App,2023-03-27T00:00:00Z,2023-03-31,quarterly
2023-06-30,rally-snoopy,,,15.0,0.0,30000.0,manual:chart_observation:exact:rally_app_chart,chart_observation,exact,Rally App,2023-06-30T00:00:00Z,2023-06-30,quarterly
2023-09-29,rally-snoopy,,,12.7,0.0,25400.0,manual:chart_observation:exact:rally_app_chart,chart_observation,exact,Rally App,2023-09-29T00:00:00Z,2023-09-30,quarterly
2023-12-29,rally-snoopy,,,13.0,0.0,26000.0,manual:chart_observation:exact:rally_app_chart,chart_observation,exact,Rally App,2023-12-29T00:00:00Z,2023-12-31,quarterly
2024-03-28,rally-snoopy,,,15.0,0.0,30000.0,manual:chart_observation:exact:rally_app_chart,chart_observation,exact,Rally App,2024-03-28T00:00:00Z,2024-03-31,quarterly
2024-06-28,rally-snoopy,,,13.5,0.0,27000.0,manual:chart_observation:exact:rally_app_chart,chart_observation,exact,Rally App,2024-06-28T00:00:00Z,2024-06-30,quarterly
2024-09-26,rally-snoopy,,,13.5,0.0,27000.0,manual:chart_observation:exact:rally_app_chart,chart_observation,exact,Rally App,2024-09-26T00:00:00Z,2024-09-30,quarterly
2024-12-26,rally-snoopy,,,12.25,0.0,24500.0,manual:chart_observation:exact:rally_app_chart,chart_observation,exact,Rally App,2024-12-26T00:00:00Z,2024-12-31,quarterly
2025-03-26,rally-snoopy,,,14.0,0.0,28000.0,manual:chart_observation:exact:rally_app_chart,chart_observation,exact,Rally App,2025-03-26T00:00:00Z,2025-03-31,quarterly
2025-06-25,rally-snoopy,,,12.1,0.0,24200.0,manual:chart_observation:exact:rally_app_chart,chart_observation,exact,Rally App,2025-06-25T00:00:00Z,2025-06-30,quarterly
2025-09-30,rally-snoopy,,,14.5,0.0,29000.0,manual:chart_observation:exact:rally_app_chart,chart_observation,exact,Rally App,2025-09-30T00:00:00Z,2025-09-30,quarterly
2025-12-30,rally-snoopy,,,14.5,0.0,29000.0,manual:chart_observation:exact:rally_app_chart,chart_observation,exact,Rally App,2025-12-30T00:00:00Z,2025-12-31,quarterly
2026-03-30,rally-snoopy,,,11.75,0.0,23500.0,manual:chart_observation:exact:rally_app_chart,chart_observation,exact,Rally App,2026-03-30T00:00:00Z,2026-03-31,quarterly
2026-06-29,rally-snoopy,,,13.75,0.0,27500.0,manual:chart_observation:exact:rally_app_chart,chart_observation,exact,Rally App,2026-06-29T00:00:00Z,2026-06-30,quarterly
2021-01-05,rally-soblack,,,56.5,0.0,56500.0,manual:chart_observation:exact:rally_app_chart,chart_observation,exact,Rally App,2021-01-05T00:00:00Z,2020-12-31,quarterly
2021-03-16,rally-soblack,,,35.0,0.0,35000.0,manual:chart_observation:exact:rally_app_chart,chart_observation,exact,Rally App,2021-03-16T00:00:00Z,2021-03-31,quarterly
2021-05-31,rally-soblack,,,34.0,0.0,34000.0,manual:chart_observation:exact:rally_app_chart,chart_observation,exact,Rally App,2021-05-31T00:00:00Z,2021-06-30,quarterly
2021-08-17,rally-soblack,,,50.0,0.0,50000.0,manual:chart_observation:exact:rally_app_chart,chart_observation,exact,Rally App,2021-08-17T00:00:00Z,2021-09-30,quarterly
2021-10-15,rally-soblack,,,56.0,0.0,56000.0,manual:chart_observation:exact:rally_app_chart,chart_observation,exact,Rally App,2021-10-15T00:00:00Z,2021-12-31,quarterly
2022-03-28,rally-soblack,,,38.0,0.0,38000.0,manual:chart_observation:exact:rally_app_chart,chart_observation,exact,Rally App,2022-03-28T00:00:00Z,2022-03-31,quarterly
2022-06-27,rally-soblack,,,35.0,0.0,35000.0,manual:chart_observation:exact:rally_app_chart,chart_observation,exact,Rally App,2022-06-27T00:00:00Z,2022-06-30,quarterly
2022-09-26,rally-soblack,,,38.0,0.0,38000.0,manual:chart_observation:exact:rally_app_chart,chart_observation,exact,Rally App,2022-09-26T00:00:00Z,2022-09-30,quarterly
2022-12-30,rally-soblack,,,26.6,0.0,26600.0,manual:chart_observation:exact:rally_app_chart,chart_observation,exact,Rally App,2022-12-30T00:00:00Z,2022-12-31,quarterly
2023-03-24,rally-soblack,,,30.25,0.0,30250.0,manual:chart_observation:exact:rally_app_chart,chart_observation,exact,Rally App,2023-03-24T00:00:00Z,2023-03-31,quarterly
2023-06-30,rally-soblack,,,36.5,0.0,36500.0,manual:chart_observation:exact:rally_app_chart,chart_observation,exact,Rally App,2023-06-30T00:00:00Z,2023-06-30,quarterly
2023-09-29,rally-soblack,,,41.0,0.0,41000.0,manual:chart_observation:exact:rally_app_chart,chart_observation,exact,Rally App,2023-09-29T00:00:00Z,2023-09-30,quarterly
2023-12-28,rally-soblack,,,27.5,0.0,27500.0,manual:chart_observation:exact:rally_app_chart,chart_observation,exact,Rally App,2023-12-28T00:00:00Z,2023-12-31,quarterly
2024-03-28,rally-soblack,,,28.0,0.0,28000.0,manual:chart_observation:exact:rally_app_chart,chart_observation,exact,Rally App,2024-03-28T00:00:00Z,2024-03-31,quarterly
2024-06-26,rally-soblack,,,28.0,0.0,28000.0,manual:chart_observation:exact:rally_app_chart,chart_observation,exact,Rally App,2024-06-26T00:00:00Z,2024-06-30,quarterly
2024-09-25,rally-soblack,,,28.0,0.0,28000.0,manual:chart_observation:exact:rally_app_chart,chart_observation,exact,Rally App,2024-09-25T00:00:00Z,2024-09-30,quarterly
2024-12-24,rally-soblack,,,31.0,0.0,31000.0,manual:chart_observation:exact:rally_app_chart,chart_observation,exact,Rally App,2024-12-24T00:00:00Z,2024-12-31,quarterly
2025-03-31,rally-soblack,,,28.2,0.0,28200.0,manual:chart_observation:exact:rally_app_chart,chart_observation,exact,Rally App,2025-03-31T00:00:00Z,2025-03-31,quarterly
2025-06-30,rally-soblack,,,44.0,0.0,44000.0,manual:chart_observation:exact:rally_app_chart,chart_observation,exact,Rally App,2025-06-30T00:00:00Z,2025-06-30,quarterly
2025-09-29,rally-soblack,,,50.0,0.0,50000.0,manual:chart_observation:exact:rally_app_chart,chart_observation,exact,Rally App,2025-09-29T00:00:00Z,2025-09-30,quarterly
2025-12-29,rally-soblack,,,42.0,0.0,42000.0,manual:chart_observation:exact:rally_app_chart,chart_observation,exact,Rally App,2025-12-29T00:00:00Z,2025-12-31,quarterly
2026-03-30,rally-soblack,,,40.0,0.0,40000.0,manual:chart_observation:exact:rally_app_chart,chart_observation,exact,Rally App,2026-03-30T00:00:00Z,2026-03-31,quarterly
2026-06-26,rally-soblack,,,35.05,0.0,35050.0,manual:chart_observation:exact:rally_app_chart,chart_observation,exact,Rally App,2026-06-26T00:00:00Z,2026-06-30,quarterly
2021-11-01,rally-tornek,,,4.0,0.0,132000.0,manual:chart_observation:exact:rally_app_chart,chart_observation,exact,Rally App,2021-11-01T00:00:00Z,2021-09-30,quarterly
2022-01-31,rally-tornek,,,3.0,0.0,99000.0,manual:chart_observation:exact:rally_app_chart,chart_observation,exact,Rally App,2022-01-31T00:00:00Z,2021-12-31,quarterly
2022-03-28,rally-tornek,,,2.55,0.0,84150.0,manual:chart_observation:exact:rally_app_chart,chart_observation,exact,Rally App,2022-03-28T00:00:00Z,2022-03-31,quarterly
2022-06-30,rally-tornek,,,2.7,0.0,89100.0,manual:chart_observation:exact:rally_app_chart,chart_observation,exact,Rally App,2022-06-30T00:00:00Z,2022-06-30,quarterly
2022-09-30,rally-tornek,,,2.75,0.0,90750.0,manual:chart_observation:exact:rally_app_chart,chart_observation,exact,Rally App,2022-09-30T00:00:00Z,2022-09-30,quarterly
2022-12-28,rally-tornek,,,2.95,0.0,97350.0,manual:chart_observation:exact:rally_app_chart,chart_observation,exact,Rally App,2022-12-28T00:00:00Z,2022-12-31,quarterly
2023-03-31,rally-tornek,,,3.1,0.0,102300.0,manual:chart_observation:exact:rally_app_chart,chart_observation,exact,Rally App,2023-03-31T00:00:00Z,2023-03-31,quarterly
2023-06-27,rally-tornek,,,3.0,0.0,99000.0,manual:chart_observation:exact:rally_app_chart,chart_observation,exact,Rally App,2023-06-27T00:00:00Z,2023-06-30,quarterly
2023-09-29,rally-tornek,,,2.8,0.0,92400.0,manual:chart_observation:exact:rally_app_chart,chart_observation,exact,Rally App,2023-09-29T00:00:00Z,2023-09-30,quarterly
2023-12-29,rally-tornek,,,1.9,0.0,62700.0,manual:chart_observation:exact:rally_app_chart,chart_observation,exact,Rally App,2023-12-29T00:00:00Z,2023-12-31,quarterly
2024-03-28,rally-tornek,,,2.75,0.0,90750.0,manual:chart_observation:exact:rally_app_chart,chart_observation,exact,Rally App,2024-03-28T00:00:00Z,2024-03-31,quarterly
2024-06-24,rally-tornek,,,2.6,0.0,85800.0,manual:chart_observation:exact:rally_app_chart,chart_observation,exact,Rally App,2024-06-24T00:00:00Z,2024-06-30,quarterly
2024-09-25,rally-tornek,,,2.7,0.0,89100.0,manual:chart_observation:exact:rally_app_chart,chart_observation,exact,Rally App,2024-09-25T00:00:00Z,2024-09-30,quarterly
2024-12-27,rally-tornek,,,2.55,0.0,84150.0,manual:chart_observation:exact:rally_app_chart,chart_observation,exact,Rally App,2024-12-27T00:00:00Z,2024-12-31,quarterly
2025-03-25,rally-tornek,,,2.5,0.0,82500.0,manual:chart_observation:exact:rally_app_chart,chart_observation,exact,Rally App,2025-03-25T00:00:00Z,2025-03-31,quarterly
2025-06-27,rally-tornek,,,2.3,0.0,75900.0,manual:chart_observation:exact:rally_app_chart,chart_observation,exact,Rally App,2025-06-27T00:00:00Z,2025-06-30,quarterly
2025-09-29,rally-tornek,,,2.4,0.0,79200.0,manual:chart_observation:exact:rally_app_chart,chart_observation,exact,Rally App,2025-09-29T00:00:00Z,2025-09-30,quarterly
2025-12-31,rally-tornek,,,2.55,0.0,84150.0,manual:chart_observation:exact:rally_app_chart,chart_observation,exact,Rally App,2025-12-31T00:00:00Z,2025-12-31,quarterly
2026-03-30,rally-tornek,,,2.5,0.0,82500.0,manual:chart_observation:exact:rally_app_chart,chart_observation,exact,Rally App,2026-03-30T00:00:00Z,2026-03-31,quarterly
2026-06-24,rally-tornek,,,2.35,0.0,77550.0,manual:chart_observation:exact:rally_app_chart,chart_observation,exact,Rally App,2026-06-24T00:00:00Z,2026-06-30,quarterly
