asset_id,ticker,exit_type,exit_status,exit_announcement_date,last_trading_date,exit_valuation_date,exit_effective_date,settlement_date,exit_price_per_share,exit_total_value,shares_at_exit,last_observed_price_before_exit,last_observed_market_cap_before_exit,payout_source,source_reference,notes,is_confirmed,data_quality_flag,terminal_price,terminal_value,terminal_price_source,terminal_price_quality,terminal_return,exit_premium_vs_last_trade,exit_return_vs_offering,annualized_exit_return
sec-rally-77le1,77LE1,other,settled,2017-04-13,2017-04-13,2017-04-13,2017-04-13,2017-04-13,,774.0,2000.0,,,https://www.sec.gov/Archives/edgar/data/1688804/000168880419000019/rse_1sa.htm,https://www.sec.gov/Archives/edgar/data/1688804/000168880419000019/rse_1sa.htm,,True,,0.387,774.0,confirmed_total_payout_divided_by_shares,confirmed,,,-0.99003861003861,
sec-rally-00fm1,00FM1,other,settled,2019-04-15,2019-04-15,2019-04-15,2019-04-15,2019-04-15,,60000.0,2000.0,,,https://www.sec.gov/Archives/edgar/data/1688804/000168880420000007/rsec1sa2020.htm,https://www.sec.gov/Archives/edgar/data/1688804/000168880420000007/rsec1sa2020.htm,,True,,30.0,60000.0,confirmed_total_payout_divided_by_shares,confirmed,,,0.21212121212121215,
sec-rally-00fm1,00FM1,other,settled,2019-04-16,2019-04-16,2019-04-16,2019-04-16,2019-04-16,,60000.0,2000.0,,,https://www.sec.gov/Archives/edgar/data/1688804/000168880425000007/rsecollection1sa2025.htm,https://www.sec.gov/Archives/edgar/data/1688804/000168880425000007/rsecollection1sa2025.htm,,True,,30.0,60000.0,confirmed_total_payout_divided_by_shares,confirmed,,,0.21212121212121215,
sec-rally-00fm1,00FM1,other,settled,2019-04-16,2019-04-16,2019-04-16,2019-04-16,2019-04-16,,60000.0,2000.0,,,https://www.sec.gov/Archives/edgar/data/1688804/000168880424000010/rsecollection1sa2024.htm,https://www.sec.gov/Archives/edgar/data/1688804/000168880424000010/rsecollection1sa2024.htm,,True,,30.0,60000.0,confirmed_total_payout_divided_by_shares,confirmed,,,0.21212121212121215,
sec-rally-00fm1,00FM1,other,settled,2019-04-16,2019-04-16,2019-04-16,2019-04-16,2019-04-16,,60000.0,2000.0,,,https://www.sec.gov/Archives/edgar/data/1688804/000168880423000015/rsecollection1sa2023.htm,https://www.sec.gov/Archives/edgar/data/1688804/000168880423000015/rsecollection1sa2023.htm,,True,,30.0,60000.0,confirmed_total_payout_divided_by_shares,confirmed,,,0.21212121212121215,
sec-rally-00fm1,00FM1,other,settled,2019-04-16,2019-04-16,2019-04-16,2019-04-16,2019-04-16,,60000.0,2000.0,,,https://www.sec.gov/Archives/edgar/data/1688804/000168880422000069/253g2.htm,https://www.sec.gov/Archives/edgar/data/1688804/000168880422000069/253g2.htm,,True,,30.0,60000.0,confirmed_total_payout_divided_by_shares,confirmed,,,0.21212121212121215,
sec-rally-00fm1,00FM1,other,settled,2019-04-16,2019-04-16,2019-04-16,2019-04-16,2019-04-16,,60000.0,2000.0,,,https://www.sec.gov/Archives/edgar/data/1688804/000168880422000068/rsec1sa2022.htm,https://www.sec.gov/Archives/edgar/data/1688804/000168880422000068/rsec1sa2022.htm,,True,,30.0,60000.0,confirmed_total_payout_divided_by_shares,confirmed,,,0.21212121212121215,
sec-rally-00fm1,00FM1,other,settled,2019-04-16,2019-04-16,2019-04-16,2019-04-16,2019-04-16,,60000.0,2000.0,,,https://www.sec.gov/Archives/edgar/data/1688804/000168880422000066/253g2.htm,https://www.sec.gov/Archives/edgar/data/1688804/000168880422000066/253g2.htm,,True,,30.0,60000.0,confirmed_total_payout_divided_by_shares,confirmed,,,0.21212121212121215,
sec-rally-00fm1,00FM1,other,settled,2019-04-16,2019-04-16,2019-04-16,2019-04-16,2019-04-16,,60000.0,2000.0,,,https://www.sec.gov/Archives/edgar/data/1688804/000168880422000046/253g2.htm,https://www.sec.gov/Archives/edgar/data/1688804/000168880422000046/253g2.htm,,True,,30.0,60000.0,confirmed_total_payout_divided_by_shares,confirmed,,,0.21212121212121215,
sec-rally-69bm1,69BM1,other,settled,2019-04-19,2019-04-19,2019-04-19,2019-04-19,2019-04-19,,60000.0,2000.0,,,https://www.sec.gov/Archives/edgar/data/1688804/000168880419000006/series00fm1form1u.htm,https://www.sec.gov/Archives/edgar/data/1688804/000168880419000006/series00fm1form1u.htm,,True,,30.0,60000.0,confirmed_total_payout_divided_by_shares,confirmed,,,-0.4782608695652174,
sec-rally-06fs1,06FS1,other,settled,2019-05-06,2019-05-06,2019-05-06,2019-05-06,2019-05-06,,227500.0,5000.0,,,https://www.sec.gov/Archives/edgar/data/1688804/000168880425000007/rsecollection1sa2025.htm,https://www.sec.gov/Archives/edgar/data/1688804/000168880425000007/rsecollection1sa2025.htm,,True,,45.5,227500.0,confirmed_total_payout_divided_by_shares,confirmed,,,0.14321608040201017,
sec-rally-06fs1,06FS1,other,settled,2019-05-06,2019-05-06,2019-05-06,2019-05-06,2019-05-06,,227500.0,5000.0,,,https://www.sec.gov/Archives/edgar/data/1688804/000168880424000010/rsecollection1sa2024.htm,https://www.sec.gov/Archives/edgar/data/1688804/000168880424000010/rsecollection1sa2024.htm,,True,,45.5,227500.0,confirmed_total_payout_divided_by_shares,confirmed,,,0.14321608040201017,
sec-rally-06fs1,06FS1,other,settled,2019-05-06,2019-05-06,2019-05-06,2019-05-06,2019-05-06,,227500.0,5000.0,,,https://www.sec.gov/Archives/edgar/data/1688804/000168880423000015/rsecollection1sa2023.htm,https://www.sec.gov/Archives/edgar/data/1688804/000168880423000015/rsecollection1sa2023.htm,,True,,45.5,227500.0,confirmed_total_payout_divided_by_shares,confirmed,,,0.14321608040201017,
sec-rally-06fs1,06FS1,other,settled,2019-05-06,2019-05-06,2019-05-06,2019-05-06,2019-05-06,,227500.0,5000.0,,,https://www.sec.gov/Archives/edgar/data/1688804/000168880422000069/253g2.htm,https://www.sec.gov/Archives/edgar/data/1688804/000168880422000069/253g2.htm,,True,,45.5,227500.0,confirmed_total_payout_divided_by_shares,confirmed,,,0.14321608040201017,
sec-rally-06fs1,06FS1,other,settled,2019-05-06,2019-05-06,2019-05-06,2019-05-06,2019-05-06,,227500.0,5000.0,,,https://www.sec.gov/Archives/edgar/data/1688804/000168880422000068/rsec1sa2022.htm,https://www.sec.gov/Archives/edgar/data/1688804/000168880422000068/rsec1sa2022.htm,,True,,45.5,227500.0,confirmed_total_payout_divided_by_shares,confirmed,,,0.14321608040201017,
sec-rally-06fs1,06FS1,other,settled,2019-05-06,2019-05-06,2019-05-06,2019-05-06,2019-05-06,,227500.0,5000.0,,,https://www.sec.gov/Archives/edgar/data/1688804/000168880422000066/253g2.htm,https://www.sec.gov/Archives/edgar/data/1688804/000168880422000066/253g2.htm,,True,,45.5,227500.0,confirmed_total_payout_divided_by_shares,confirmed,,,0.14321608040201017,
sec-rally-06fs1,06FS1,other,settled,2019-05-06,2019-05-06,2019-05-06,2019-05-06,2019-05-06,,227500.0,5000.0,,,https://www.sec.gov/Archives/edgar/data/1688804/000168880422000046/253g2.htm,https://www.sec.gov/Archives/edgar/data/1688804/000168880422000046/253g2.htm,,True,,45.5,227500.0,confirmed_total_payout_divided_by_shares,confirmed,,,0.14321608040201017,
sec-rally-beeple1,BEEPLE1,other,settled,2019-05-06,2019-05-06,2019-05-06,2019-05-06,2019-05-06,,227500.0,1360017000.0,,,https://www.sec.gov/Archives/edgar/data/1688804/000168880422000046/253g2.htm,https://www.sec.gov/Archives/edgar/data/1688804/000168880422000046/253g2.htm,,True,,0.00016727732079819591,227500.0,confirmed_total_payout_divided_by_shares,confirmed,,,-0.9999665445358403,
sec-rally-06fs1,06FS1,other,settled,2019-05-10,2019-05-10,2019-05-10,2019-05-10,2019-05-10,,227500.0,5000.0,,,https://www.sec.gov/Archives/edgar/data/1688804/000168880420000007/rsec1sa2020.htm,https://www.sec.gov/Archives/edgar/data/1688804/000168880420000007/rsec1sa2020.htm,,True,,45.5,227500.0,confirmed_total_payout_divided_by_shares,confirmed,,,0.14321608040201017,
sec-rally-69bm1,69BM1,other,settled,2019-05-10,2019-05-10,2019-05-10,2019-05-10,2019-05-10,,227500.0,2000.0,,,https://www.sec.gov/Archives/edgar/data/1688804/000168880421000008/rsec1sa2021.htm,https://www.sec.gov/Archives/edgar/data/1688804/000168880421000008/rsec1sa2021.htm,,True,,113.75,227500.0,confirmed_total_payout_divided_by_shares,confirmed,,,0.9782608695652173,
sec-rally-69bm1,69BM1,other,settled,2019-05-10,2019-05-10,2019-05-10,2019-05-10,2019-05-10,,227500.0,2000.0,,,https://www.sec.gov/Archives/edgar/data/1688804/000168880420000007/rsec1sa2020.htm,https://www.sec.gov/Archives/edgar/data/1688804/000168880420000007/rsec1sa2020.htm,,True,,113.75,227500.0,confirmed_total_payout_divided_by_shares,confirmed,,,0.9782608695652173,
sec-rally-69bm1,69BM1,other,settled,2019-05-10,2019-05-10,2019-05-10,2019-05-10,2019-05-10,,227500.0,2000.0,,,https://www.sec.gov/Archives/edgar/data/1688804/000168880419000010/series06fs1form1u.htm,https://www.sec.gov/Archives/edgar/data/1688804/000168880419000010/series06fs1form1u.htm,,True,,113.75,227500.0,confirmed_total_payout_divided_by_shares,confirmed,,,0.9782608695652173,
sec-rally-82av1,82AV1,other,settled,2019-05-10,2019-05-10,2019-05-10,2019-05-10,2019-05-10,,71.54,40005000.0,,,https://www.sec.gov/Archives/edgar/data/1688804/000168880421000012/253g2.htm,https://www.sec.gov/Archives/edgar/data/1688804/000168880421000012/253g2.htm,,True,,1.78827646544182e-06,71.54,confirmed_total_payout_divided_by_shares,confirmed,,,-0.9999999699449333,
sec-rally-71ali,71ALI,other,settled,2020-02-07,2020-02-07,2020-02-07,2020-02-07,2020-02-07,,40000.0,2000.0,,,https://www.sec.gov/Archives/edgar/data/1688804/000168880425000007/rsecollection1sa2025.htm,https://www.sec.gov/Archives/edgar/data/1688804/000168880425000007/rsecollection1sa2025.htm,,True,,20.0,40000.0,confirmed_total_payout_divided_by_shares,confirmed,,,0.29032258064516125,
sec-rally-98jordan,98JORDAN,other,settled,2020-05-11,2020-05-11,2020-05-11,2020-05-11,2020-05-11,,165000.0,2000.0,,,https://www.sec.gov/Archives/edgar/data/1688804/000168880425000007/rsecollection1sa2025.htm,https://www.sec.gov/Archives/edgar/data/1688804/000168880425000007/rsecollection1sa2025.htm,,True,,82.5,165000.0,confirmed_total_payout_divided_by_shares,confirmed,,,0.2890625,
sec-rally-86jordan,86JORDAN,other,settled,2020-06-01,2020-06-01,2020-06-01,2020-06-01,2020-06-01,,80000.0,1000.0,,,https://www.sec.gov/Archives/edgar/data/1688804/000168880425000007/rsecollection1sa2025.htm,https://www.sec.gov/Archives/edgar/data/1688804/000168880425000007/rsecollection1sa2025.htm,,True,,80.0,80000.0,confirmed_total_payout_divided_by_shares,confirmed,,,1.0,
sec-rally-03ss1,03SS1,other,settled,2020-09-27,2020-09-27,2020-09-27,2020-09-27,2020-09-27,,420000.0,3000.0,,,https://www.sec.gov/Archives/edgar/data/1688804/000168880425000007/rsecollection1sa2025.htm,https://www.sec.gov/Archives/edgar/data/1688804/000168880425000007/rsecollection1sa2025.htm,,True,,140.0,420000.0,confirmed_total_payout_divided_by_shares,confirmed,,,0.1200000000000001,
sec-rally-03ss1,03SS1,other,settled,2020-09-27,2020-09-27,2020-09-27,2020-09-27,2020-09-27,,420000.0,3000.0,,,https://www.sec.gov/Archives/edgar/data/1688804/000168880424000010/rsecollection1sa2024.htm,https://www.sec.gov/Archives/edgar/data/1688804/000168880424000010/rsecollection1sa2024.htm,,True,,140.0,420000.0,confirmed_total_payout_divided_by_shares,confirmed,,,0.1200000000000001,
sec-rally-03ss1,03SS1,other,settled,2020-09-27,2020-09-27,2020-09-27,2020-09-27,2020-09-27,,420000.0,3000.0,,,https://www.sec.gov/Archives/edgar/data/1688804/000168880423000015/rsecollection1sa2023.htm,https://www.sec.gov/Archives/edgar/data/1688804/000168880423000015/rsecollection1sa2023.htm,,True,,140.0,420000.0,confirmed_total_payout_divided_by_shares,confirmed,,,0.1200000000000001,
sec-rally-03ss1,03SS1,other,settled,2020-09-27,2020-09-27,2020-09-27,2020-09-27,2020-09-27,,420000.0,3000.0,,,https://www.sec.gov/Archives/edgar/data/1688804/000168880422000069/253g2.htm,https://www.sec.gov/Archives/edgar/data/1688804/000168880422000069/253g2.htm,,True,,140.0,420000.0,confirmed_total_payout_divided_by_shares,confirmed,,,0.1200000000000001,
sec-rally-03ss1,03SS1,other,settled,2020-09-27,2020-09-27,2020-09-27,2020-09-27,2020-09-27,,420000.0,3000.0,,,https://www.sec.gov/Archives/edgar/data/1688804/000168880422000068/rsec1sa2022.htm,https://www.sec.gov/Archives/edgar/data/1688804/000168880422000068/rsec1sa2022.htm,,True,,140.0,420000.0,confirmed_total_payout_divided_by_shares,confirmed,,,0.1200000000000001,
sec-rally-03ss1,03SS1,other,settled,2020-09-27,2020-09-27,2020-09-27,2020-09-27,2020-09-27,,420000.0,3000.0,,,https://www.sec.gov/Archives/edgar/data/1688804/000168880422000066/253g2.htm,https://www.sec.gov/Archives/edgar/data/1688804/000168880422000066/253g2.htm,,True,,140.0,420000.0,confirmed_total_payout_divided_by_shares,confirmed,,,0.1200000000000001,
sec-rally-03ss1,03SS1,other,settled,2020-09-27,2020-09-27,2020-09-27,2020-09-27,2020-09-27,,420000.0,3000.0,,,https://www.sec.gov/Archives/edgar/data/1688804/000168880422000046/253g2.htm,https://www.sec.gov/Archives/edgar/data/1688804/000168880422000046/253g2.htm,,True,,140.0,420000.0,confirmed_total_payout_divided_by_shares,confirmed,,,0.1200000000000001,
sec-rally-03ss1,03SS1,other,settled,2020-09-27,2020-09-27,2020-09-27,2020-09-27,2020-09-27,,420000.0,3000.0,,,https://www.sec.gov/Archives/edgar/data/1688804/000168880420000007/rsec1sa2020.htm,https://www.sec.gov/Archives/edgar/data/1688804/000168880420000007/rsec1sa2020.htm,,True,,140.0,420000.0,confirmed_total_payout_divided_by_shares,confirmed,,,0.1200000000000001,
sec-rally-03ss1,03SS1,other,settled,2020-09-29,2020-09-29,2020-09-29,2020-09-29,2020-09-29,,420000.0,3000.0,,,https://www.sec.gov/Archives/edgar/data/1688804/000176812620000024/series03ss1form1u.htm,https://www.sec.gov/Archives/edgar/data/1688804/000176812620000024/series03ss1form1u.htm,,True,,140.0,420000.0,confirmed_total_payout_divided_by_shares,confirmed,,,0.1200000000000001,
sec-rally-50jackie,50JACKIE,other,settled,2020-10-07,2020-10-07,2020-10-07,2020-10-07,2020-10-07,,13000.0,10000.0,,,https://www.sec.gov/Archives/edgar/data/1688804/000168880425000007/rsecollection1sa2025.htm,https://www.sec.gov/Archives/edgar/data/1688804/000168880425000007/rsecollection1sa2025.htm,,True,,1.3,13000.0,confirmed_total_payout_divided_by_shares,confirmed,,,0.30000000000000004,
sec-rally-18lamar,18LAMAR,other,settled,2020-12-29,2020-12-29,2020-12-29,2020-12-29,2020-12-29,,88500.0,7750.0,,,https://www.sec.gov/Archives/edgar/data/1688804/000168880425000007/rsecollection1sa2025.htm,https://www.sec.gov/Archives/edgar/data/1688804/000168880425000007/rsecollection1sa2025.htm,,True,,11.419354838709678,88500.0,confirmed_total_payout_divided_by_shares,confirmed,,,0.42741935483870974,
sec-rally-88mario,88MARIO,other,settled,2020-12-29,2020-12-29,2020-12-29,2020-12-29,2020-12-29,,60000.0,2000.0,,,https://www.sec.gov/Archives/edgar/data/1688804/000168880425000007/rsecollection1sa2025.htm,https://www.sec.gov/Archives/edgar/data/1688804/000168880425000007/rsecollection1sa2025.htm,,True,,30.0,60000.0,confirmed_total_payout_divided_by_shares,confirmed,,,1.0,
sec-rally-58pele2,58PELE2,other,settled,2021-02-26,2021-02-26,2021-02-26,2021-02-26,2021-02-26,,62000.0,5300.0,,,https://www.sec.gov/Archives/edgar/data/1688804/000168880425000007/rsecollection1sa2025.htm,https://www.sec.gov/Archives/edgar/data/1688804/000168880425000007/rsecollection1sa2025.htm,,True,,11.69811320754717,62000.0,confirmed_total_payout_divided_by_shares,confirmed,,,1.3396226415094339,
sec-rally-af15,AF15,other,settled,2021-06-07,2021-06-07,2021-06-07,2021-06-07,2021-06-07,,240000.0,8000.0,,,https://www.sec.gov/Archives/edgar/data/1688804/000168880425000007/rsecollection1sa2025.htm,https://www.sec.gov/Archives/edgar/data/1688804/000168880425000007/rsecollection1sa2025.htm,,True,,30.0,240000.0,confirmed_total_payout_divided_by_shares,confirmed,,,0.19999999999999996,
sec-rally-tmnt1,TMNT1,other,settled,2021-06-07,2021-06-07,2021-06-07,2021-06-07,2021-06-07,,100000.0,1000.0,,,https://www.sec.gov/Archives/edgar/data/1688804/000168880425000007/rsecollection1sa2025.htm,https://www.sec.gov/Archives/edgar/data/1688804/000168880425000007/rsecollection1sa2025.htm,,True,,100.0,100000.0,confirmed_total_payout_divided_by_shares,confirmed,,,0.5384615384615385,
sec-rally-06fg1,06FG1,other,settled,2021-06-09,2021-06-09,2021-06-09,2021-06-09,2021-06-09,,365000.0,5000.0,,,https://www.sec.gov/Archives/edgar/data/1688804/000168880425000007/rsecollection1sa2025.htm,https://www.sec.gov/Archives/edgar/data/1688804/000168880425000007/rsecollection1sa2025.htm,,True,,73.0,365000.0,confirmed_total_payout_divided_by_shares,confirmed,,,0.140625,
sec-rally-06fg1,06FG1,other,settled,2021-06-09,2021-06-09,2021-06-09,2021-06-09,2021-06-09,,365000.0,5000.0,,,https://www.sec.gov/Archives/edgar/data/1688804/000168880424000010/rsecollection1sa2024.htm,https://www.sec.gov/Archives/edgar/data/1688804/000168880424000010/rsecollection1sa2024.htm,,True,,73.0,365000.0,confirmed_total_payout_divided_by_shares,confirmed,,,0.140625,
sec-rally-06fg1,06FG1,other,settled,2021-06-09,2021-06-09,2021-06-09,2021-06-09,2021-06-09,,365000.0,5000.0,,,https://www.sec.gov/Archives/edgar/data/1688804/000168880423000015/rsecollection1sa2023.htm,https://www.sec.gov/Archives/edgar/data/1688804/000168880423000015/rsecollection1sa2023.htm,,True,,73.0,365000.0,confirmed_total_payout_divided_by_shares,confirmed,,,0.140625,
sec-rally-06fg1,06FG1,other,settled,2021-06-09,2021-06-09,2021-06-09,2021-06-09,2021-06-09,,365000.0,5000.0,,,https://www.sec.gov/Archives/edgar/data/1688804/000168880422000069/253g2.htm,https://www.sec.gov/Archives/edgar/data/1688804/000168880422000069/253g2.htm,,True,,73.0,365000.0,confirmed_total_payout_divided_by_shares,confirmed,,,0.140625,
sec-rally-06fg1,06FG1,other,settled,2021-06-09,2021-06-09,2021-06-09,2021-06-09,2021-06-09,,365000.0,5000.0,,,https://www.sec.gov/Archives/edgar/data/1688804/000168880422000068/rsec1sa2022.htm,https://www.sec.gov/Archives/edgar/data/1688804/000168880422000068/rsec1sa2022.htm,,True,,73.0,365000.0,confirmed_total_payout_divided_by_shares,confirmed,,,0.140625,
sec-rally-06fg1,06FG1,other,settled,2021-06-09,2021-06-09,2021-06-09,2021-06-09,2021-06-09,,365000.0,5000.0,,,https://www.sec.gov/Archives/edgar/data/1688804/000168880422000066/253g2.htm,https://www.sec.gov/Archives/edgar/data/1688804/000168880422000066/253g2.htm,,True,,73.0,365000.0,confirmed_total_payout_divided_by_shares,confirmed,,,0.140625,
sec-rally-06fg1,06FG1,other,settled,2021-06-09,2021-06-09,2021-06-09,2021-06-09,2021-06-09,,365000.0,5000.0,,,https://www.sec.gov/Archives/edgar/data/1688804/000168880422000046/253g2.htm,https://www.sec.gov/Archives/edgar/data/1688804/000168880422000046/253g2.htm,,True,,73.0,365000.0,confirmed_total_payout_divided_by_shares,confirmed,,,0.140625,
sec-rally-06fg1,06FG1,other,settled,2021-06-11,2021-06-11,2021-06-11,2021-06-11,2021-06-11,,365000.0,5000.0,,,https://www.sec.gov/Archives/edgar/data/1688804/000168880421000006/series06fg1form1u.htm,https://www.sec.gov/Archives/edgar/data/1688804/000168880421000006/series06fg1form1u.htm,,True,,73.0,365000.0,confirmed_total_payout_divided_by_shares,confirmed,,,0.140625,
sec-rally-fanfour1,FANFOUR1,other,settled,2021-06-14,2021-06-14,2021-06-14,2021-06-14,2021-06-14,,126000.0,2000.0,,,https://www.sec.gov/Archives/edgar/data/1688804/000168880425000007/rsecollection1sa2025.htm,https://www.sec.gov/Archives/edgar/data/1688804/000168880425000007/rsecollection1sa2025.htm,,True,,63.0,126000.0,confirmed_total_payout_divided_by_shares,confirmed,,,0.19999999999999996,
sec-rally-xmen1,XMEN1,other,settled,2021-06-21,2021-06-21,2021-06-21,2021-06-21,2021-06-21,,325000.0,12000.0,,,https://www.sec.gov/Archives/edgar/data/1688804/000168880425000007/rsecollection1sa2025.htm,https://www.sec.gov/Archives/edgar/data/1688804/000168880425000007/rsecollection1sa2025.htm,,True,,27.083333333333332,325000.0,confirmed_total_payout_divided_by_shares,confirmed,,,0.3541666666666665,
sec-rally-aproak,APROAK,other,settled,2021-06-25,2021-06-25,2021-06-25,2021-06-25,2021-06-25,,110000.0,1000.0,,,https://www.sec.gov/Archives/edgar/data/1688804/000168880425000007/rsecollection1sa2025.htm,https://www.sec.gov/Archives/edgar/data/1688804/000168880425000007/rsecollection1sa2025.htm,,True,,110.0,110000.0,confirmed_total_payout_divided_by_shares,confirmed,,,0.46666666666666656,
sec-rally-avengers1,AVENGERS1,other,settled,2021-07-09,2021-07-09,2021-07-09,2021-07-09,2021-07-09,,325000.0,5000.0,,,https://www.sec.gov/Archives/edgar/data/1688804/000168880425000007/rsecollection1sa2025.htm,https://www.sec.gov/Archives/edgar/data/1688804/000168880425000007/rsecollection1sa2025.htm,,True,,65.0,325000.0,confirmed_total_payout_divided_by_shares,confirmed,,,0.20370370370370372,
sec-rally-thor,THOR,other,settled,2021-07-14,2021-07-14,2021-07-14,2021-07-14,2021-07-14,,261000.0,10750.0,,,https://www.sec.gov/Archives/edgar/data/1688804/000168880425000007/rsecollection1sa2025.htm,https://www.sec.gov/Archives/edgar/data/1688804/000168880425000007/rsecollection1sa2025.htm,,True,,24.27906976744186,261000.0,confirmed_total_payout_divided_by_shares,confirmed,,,0.21395348837209305,
sec-rally-hulk1,HULK1,other,settled,2021-07-19,2021-07-19,2021-07-19,2021-07-19,2021-07-19,,116000.0,2000.0,,,https://www.sec.gov/Archives/edgar/data/1688804/000168880425000007/rsecollection1sa2025.htm,https://www.sec.gov/Archives/edgar/data/1688804/000168880425000007/rsecollection1sa2025.htm,,True,,58.0,116000.0,confirmed_total_payout_divided_by_shares,confirmed,,,0.303370786516854,
sec-rally-wolverine,WOLVERINE,other,settled,2021-07-22,2021-07-22,2021-07-22,2021-07-22,2021-07-22,,57000.0,5000.0,,,https://www.sec.gov/Archives/edgar/data/1688804/000168880425000007/rsecollection1sa2025.htm,https://www.sec.gov/Archives/edgar/data/1688804/000168880425000007/rsecollection1sa2025.htm,,True,,11.4,57000.0,confirmed_total_payout_divided_by_shares,confirmed,,,0.19999999999999996,
sec-rally-daredev1,DAREDEV1,other,settled,2021-07-26,2021-07-26,2021-07-26,2021-07-26,2021-07-26,,22080.0,11500.0,,,https://www.sec.gov/Archives/edgar/data/1688804/000168880425000007/rsecollection1sa2025.htm,https://www.sec.gov/Archives/edgar/data/1688804/000168880425000007/rsecollection1sa2025.htm,,True,,1.92,22080.0,confirmed_total_payout_divided_by_shares,confirmed,,,0.9199999999999999,
sec-rally-super14,SUPER14,other,settled,2021-08-03,2021-08-03,2021-08-03,2021-08-03,2021-08-03,,156000.0,5200.0,,,https://www.sec.gov/Archives/edgar/data/1688804/000168880425000007/rsecollection1sa2025.htm,https://www.sec.gov/Archives/edgar/data/1688804/000168880425000007/rsecollection1sa2025.htm,,True,,30.0,156000.0,confirmed_total_payout_divided_by_shares,confirmed,,,0.19999999999999996,
sec-rally-85mario,85MARIO,other,settled,2021-08-09,2021-08-09,2021-08-09,2021-08-09,2021-08-09,,2000000.0,3000.0,,,https://www.sec.gov/Archives/edgar/data/1688804/000168880425000007/rsecollection1sa2025.htm,https://www.sec.gov/Archives/edgar/data/1688804/000168880425000007/rsecollection1sa2025.htm,,True,,666.6666666666666,2000000.0,confirmed_total_payout_divided_by_shares,confirmed,,,12.333333333333332,
sec-rally-86dk3,86DK3,other,settled,2021-08-30,2021-08-30,2021-08-30,2021-08-30,2021-08-30,,60000.0,4350.0,,,https://www.sec.gov/Archives/edgar/data/1688804/000168880425000007/rsecollection1sa2025.htm,https://www.sec.gov/Archives/edgar/data/1688804/000168880425000007/rsecollection1sa2025.htm,,True,,13.793103448275861,59999.99999999999,confirmed_total_payout_divided_by_shares,confirmed,,,0.3793103448275861,
sec-rally-ljkobe,LJKOBE,other,settled,2021-11-15,2021-11-15,2021-11-15,2021-11-15,2021-11-15,,215000.0,18000.0,,,https://www.sec.gov/Archives/edgar/data/1688804/000168880425000007/rsecollection1sa2025.htm,https://www.sec.gov/Archives/edgar/data/1688804/000168880425000007/rsecollection1sa2025.htm,,True,,11.944444444444445,215000.0,confirmed_total_payout_divided_by_shares,confirmed,,,0.19444444444444442,
sec-rally-14kobe,14KOBE,other,settled,2022-01-21,2022-01-21,2022-01-21,2022-01-21,2022-01-21,,95000.0,9750.0,,,https://www.sec.gov/Archives/edgar/data/1688804/000168880425000007/rsecollection1sa2025.htm,https://www.sec.gov/Archives/edgar/data/1688804/000168880425000007/rsecollection1sa2025.htm,,True,,9.743589743589743,94999.99999999999,confirmed_total_payout_divided_by_shares,confirmed,,,0.21794871794871784,
sec-rally-17mahomes,17MAHOMES,other,settled,2022-01-24,2022-01-24,2022-01-24,2022-01-24,2022-01-24,,350000.0,25000.0,,,https://www.sec.gov/Archives/edgar/data/1688804/000168880425000007/rsecollection1sa2025.htm,https://www.sec.gov/Archives/edgar/data/1688804/000168880425000007/rsecollection1sa2025.htm,,True,,14.0,350000.0,confirmed_total_payout_divided_by_shares,confirmed,,,0.16666666666666674,
sec-rally-51howe,51HOWE,other,settled,2022-01-28,2022-01-28,2022-01-28,2022-01-28,2022-01-28,,52000.0,5000.0,,,https://www.sec.gov/Archives/edgar/data/1688804/000168880425000007/rsecollection1sa2025.htm,https://www.sec.gov/Archives/edgar/data/1688804/000168880425000007/rsecollection1sa2025.htm,,True,,10.4,52000.0,confirmed_total_payout_divided_by_shares,confirmed,,,0.15555555555555567,
sec-rally-03lebron,03LEBRON,other,settled,2022-01-31,2022-01-31,2022-01-31,2022-01-31,2022-01-31,,56000.0,2000.0,,,https://www.sec.gov/Archives/edgar/data/1688804/000168880425000007/rsecollection1sa2025.htm,https://www.sec.gov/Archives/edgar/data/1688804/000168880425000007/rsecollection1sa2025.htm,,True,,28.0,56000.0,confirmed_total_payout_divided_by_shares,confirmed,,,0.6470588235294117,
sec-rally-tos39,TOS39,other,settled,2022-01-31,2022-01-31,2022-01-31,2022-01-31,2022-01-31,,240000.0,3000.0,,,https://www.sec.gov/Archives/edgar/data/1688804/000168880425000007/rsecollection1sa2025.htm,https://www.sec.gov/Archives/edgar/data/1688804/000168880425000007/rsecollection1sa2025.htm,,True,,80.0,240000.0,confirmed_total_payout_divided_by_shares,confirmed,,,0.7777777777777777,
sec-rally-58pele,58PELE,other,settled,2022-02-11,2022-02-11,2022-02-11,2022-02-11,2022-02-11,,1331269.0,31500.0,,,https://www.sec.gov/Archives/edgar/data/1688804/000168880425000007/rsecollection1sa2025.htm,https://www.sec.gov/Archives/edgar/data/1688804/000168880425000007/rsecollection1sa2025.htm,,True,,42.26250793650794,1331269.0,confirmed_total_payout_divided_by_shares,confirmed,,,3.2262507936507934,
sec-rally-24ruthbat,24RUTHBAT,other,settled,2022-03-21,2022-03-21,2022-03-21,2022-03-21,2022-03-21,,270000.0,3000.0,,,https://www.sec.gov/Archives/edgar/data/1688804/000168880425000007/rsecollection1sa2025.htm,https://www.sec.gov/Archives/edgar/data/1688804/000168880425000007/rsecollection1sa2025.htm,,True,,90.0,270000.0,confirmed_total_payout_divided_by_shares,confirmed,,,0.05882352941176472,
sec-rally-51mantle,51MANTLE,other,settled,2022-04-15,2022-04-15,2022-04-15,2022-04-15,2022-04-15,,65000.0,2000.0,,,https://www.sec.gov/Archives/edgar/data/1688804/000168880425000007/rsecollection1sa2025.htm,https://www.sec.gov/Archives/edgar/data/1688804/000168880425000007/rsecollection1sa2025.htm,,True,,32.5,65000.0,confirmed_total_payout_divided_by_shares,confirmed,,,0.911764705882353,
sec-rally-89ft1,89FT1,other,settled,2022-04-25,2022-04-25,2022-04-25,2022-04-25,2022-04-25,,330000.0,4000.0,,,https://www.sec.gov/Archives/edgar/data/1688804/000168880425000007/rsecollection1sa2025.htm,https://www.sec.gov/Archives/edgar/data/1688804/000168880425000007/rsecollection1sa2025.htm,,True,,82.5,330000.0,confirmed_total_payout_divided_by_shares,confirmed,,,0.8333333333333333,
sec-rally-89ft1,89FT1,other,settled,2022-04-25,2022-04-25,2022-04-25,2022-04-25,2022-04-25,,330000.0,4000.0,,,https://www.sec.gov/Archives/edgar/data/1688804/000168880424000010/rsecollection1sa2024.htm,https://www.sec.gov/Archives/edgar/data/1688804/000168880424000010/rsecollection1sa2024.htm,,True,,82.5,330000.0,confirmed_total_payout_divided_by_shares,confirmed,,,0.8333333333333333,
sec-rally-89ft1,89FT1,other,settled,2022-04-25,2022-04-25,2022-04-25,2022-04-25,2022-04-25,,330000.0,4000.0,,,https://www.sec.gov/Archives/edgar/data/1688804/000168880423000015/rsecollection1sa2023.htm,https://www.sec.gov/Archives/edgar/data/1688804/000168880423000015/rsecollection1sa2023.htm,,True,,82.5,330000.0,confirmed_total_payout_divided_by_shares,confirmed,,,0.8333333333333333,
sec-rally-89ft1,89FT1,other,settled,2022-04-25,2022-04-25,2022-04-25,2022-04-25,2022-04-25,,330000.0,4000.0,,,https://www.sec.gov/Archives/edgar/data/1688804/000168880422000069/253g2.htm,https://www.sec.gov/Archives/edgar/data/1688804/000168880422000069/253g2.htm,,True,,82.5,330000.0,confirmed_total_payout_divided_by_shares,confirmed,,,0.8333333333333333,
sec-rally-89ft1,89FT1,other,settled,2022-04-25,2022-04-25,2022-04-25,2022-04-25,2022-04-25,,330000.0,4000.0,,,https://www.sec.gov/Archives/edgar/data/1688804/000168880422000068/rsec1sa2022.htm,https://www.sec.gov/Archives/edgar/data/1688804/000168880422000068/rsec1sa2022.htm,,True,,82.5,330000.0,confirmed_total_payout_divided_by_shares,confirmed,,,0.8333333333333333,
sec-rally-89ft1,89FT1,other,settled,2022-04-25,2022-04-25,2022-04-25,2022-04-25,2022-04-25,,330000.0,4000.0,,,https://www.sec.gov/Archives/edgar/data/1688804/000168880422000066/253g2.htm,https://www.sec.gov/Archives/edgar/data/1688804/000168880422000066/253g2.htm,,True,,82.5,330000.0,confirmed_total_payout_divided_by_shares,confirmed,,,0.8333333333333333,
sec-rally-89ft1,89FT1,other,settled,2022-04-25,2022-04-25,2022-04-25,2022-04-25,2022-04-25,,330000.0,4000.0,,,https://www.sec.gov/Archives/edgar/data/1688804/000168880422000046/253g2.htm,https://www.sec.gov/Archives/edgar/data/1688804/000168880422000046/253g2.htm,,True,,82.5,330000.0,confirmed_total_payout_divided_by_shares,confirmed,,,0.8333333333333333,
sec-rally-06fg1,06FG1,other,settled,2022-04-27,2022-04-27,2022-04-27,2022-04-27,2022-04-27,,330000.0,5000.0,,,https://www.sec.gov/Archives/edgar/data/1688804/000168880422000029/series89ft1form1u.htm,https://www.sec.gov/Archives/edgar/data/1688804/000168880422000029/series89ft1form1u.htm,,True,,66.0,330000.0,confirmed_total_payout_divided_by_shares,confirmed,,,0.03125,
sec-rally-93fs1,93FS1,other,settled,2022-05-17,2022-05-17,2022-05-17,2022-05-17,2022-05-17,,147500.0,2000.0,,,https://www.sec.gov/Archives/edgar/data/1688804/000168880425000007/rsecollection1sa2025.htm,https://www.sec.gov/Archives/edgar/data/1688804/000168880425000007/rsecollection1sa2025.htm,,True,,73.75,147500.0,confirmed_total_payout_divided_by_shares,confirmed,,,0.07272727272727275,
sec-rally-93fs1,93FS1,other,settled,2022-05-17,2022-05-17,2022-05-17,2022-05-17,2022-05-17,,147500.0,2000.0,,,https://www.sec.gov/Archives/edgar/data/1688804/000168880424000010/rsecollection1sa2024.htm,https://www.sec.gov/Archives/edgar/data/1688804/000168880424000010/rsecollection1sa2024.htm,,True,,73.75,147500.0,confirmed_total_payout_divided_by_shares,confirmed,,,0.07272727272727275,
sec-rally-93fs1,93FS1,other,settled,2022-05-17,2022-05-17,2022-05-17,2022-05-17,2022-05-17,,147500.0,2000.0,,,https://www.sec.gov/Archives/edgar/data/1688804/000168880423000015/rsecollection1sa2023.htm,https://www.sec.gov/Archives/edgar/data/1688804/000168880423000015/rsecollection1sa2023.htm,,True,,73.75,147500.0,confirmed_total_payout_divided_by_shares,confirmed,,,0.07272727272727275,
sec-rally-93fs1,93FS1,other,settled,2022-05-17,2022-05-17,2022-05-17,2022-05-17,2022-05-17,,147500.0,2000.0,,,https://www.sec.gov/Archives/edgar/data/1688804/000168880422000069/253g2.htm,https://www.sec.gov/Archives/edgar/data/1688804/000168880422000069/253g2.htm,,True,,73.75,147500.0,confirmed_total_payout_divided_by_shares,confirmed,,,0.07272727272727275,
sec-rally-93fs1,93FS1,other,settled,2022-05-17,2022-05-17,2022-05-17,2022-05-17,2022-05-17,,147500.0,2000.0,,,https://www.sec.gov/Archives/edgar/data/1688804/000168880422000068/rsec1sa2022.htm,https://www.sec.gov/Archives/edgar/data/1688804/000168880422000068/rsec1sa2022.htm,,True,,73.75,147500.0,confirmed_total_payout_divided_by_shares,confirmed,,,0.07272727272727275,
sec-rally-93fs1,93FS1,other,settled,2022-05-17,2022-05-17,2022-05-17,2022-05-17,2022-05-17,,147500.0,2000.0,,,https://www.sec.gov/Archives/edgar/data/1688804/000168880422000066/253g2.htm,https://www.sec.gov/Archives/edgar/data/1688804/000168880422000066/253g2.htm,,True,,73.75,147500.0,confirmed_total_payout_divided_by_shares,confirmed,,,0.07272727272727275,
sec-rally-justice1,JUSTICE1,other,settled,2022-06-01,2022-06-01,2022-06-01,2022-06-01,2022-06-01,,225000.0,5000.0,,,https://www.sec.gov/Archives/edgar/data/1688804/000168880425000007/rsecollection1sa2025.htm,https://www.sec.gov/Archives/edgar/data/1688804/000168880425000007/rsecollection1sa2025.htm,,True,,45.0,225000.0,confirmed_total_payout_divided_by_shares,confirmed,,,0.04651162790697683,
sec-rally-93fs1,93FS1,other,settled,2022-06-02,2022-06-02,2022-06-02,2022-06-02,2022-06-02,,147500.0,2000.0,,,https://www.sec.gov/Archives/edgar/data/1688804/000168880422000046/253g2.htm,https://www.sec.gov/Archives/edgar/data/1688804/000168880422000046/253g2.htm,,True,,73.75,147500.0,confirmed_total_payout_divided_by_shares,confirmed,,,0.07272727272727275,
sec-rally-06fg1,06FG1,other,settled,2022-06-28,2022-06-28,2022-06-28,2022-06-28,2022-06-28,,147500.0,5000.0,,,https://www.sec.gov/Archives/edgar/data/1688804/000168880422000053/series93fs1form1u.htm,https://www.sec.gov/Archives/edgar/data/1688804/000168880422000053/series93fs1form1u.htm,,True,,29.5,147500.0,confirmed_total_payout_divided_by_shares,confirmed,,,-0.5390625,-0.9999811714215479
sec-rally-20herbert,20HERBERT,other,settled,2022-07-08,2022-07-08,2022-07-08,2022-07-08,2022-07-08,,86400.0,10000.0,,,https://www.sec.gov/Archives/edgar/data/1688804/000168880425000007/rsecollection1sa2025.htm,https://www.sec.gov/Archives/edgar/data/1688804/000168880425000007/rsecollection1sa2025.htm,,True,,8.64,86400.0,confirmed_total_payout_divided_by_shares,confirmed,,,0.23428571428571443,
sec-rally-69bm1,69BM1,other,settled,2022-07-20,2022-07-20,2022-07-20,2022-07-20,2022-07-20,,245000.0,2000.0,,,https://www.sec.gov/Archives/edgar/data/1688804/000168880422000068/rsec1sa2022.htm,https://www.sec.gov/Archives/edgar/data/1688804/000168880422000068/rsec1sa2022.htm,,True,,122.5,245000.0,confirmed_total_payout_divided_by_shares,confirmed,,,1.1304347826086958,0.5207336308335799
sec-rally-77le1,77LE1,other,settled,2022-07-20,2022-07-20,2022-07-20,2022-07-20,2022-07-20,,245000.0,2000.0,,,https://www.sec.gov/Archives/edgar/data/1688804/000168880423000015/rsecollection1sa2023.htm,https://www.sec.gov/Archives/edgar/data/1688804/000168880423000015/rsecollection1sa2023.htm,,True,,122.5,245000.0,confirmed_total_payout_divided_by_shares,confirmed,,,2.153153153153153,0.8898567448278183
sec-rally-89ps1,89PS1,other,settled,2022-07-20,2022-07-20,2022-07-20,2022-07-20,2022-07-20,,245000.0,2000.0,,,https://www.sec.gov/Archives/edgar/data/1688804/000168880425000007/rsecollection1sa2025.htm,https://www.sec.gov/Archives/edgar/data/1688804/000168880425000007/rsecollection1sa2025.htm,,True,,122.5,245000.0,confirmed_total_payout_divided_by_shares,confirmed,,,0.48484848484848486,
sec-rally-89ps1,89PS1,other,settled,2022-07-20,2022-07-20,2022-07-20,2022-07-20,2022-07-20,,245000.0,2000.0,,,https://www.sec.gov/Archives/edgar/data/1688804/000168880424000010/rsecollection1sa2024.htm,https://www.sec.gov/Archives/edgar/data/1688804/000168880424000010/rsecollection1sa2024.htm,,True,,122.5,245000.0,confirmed_total_payout_divided_by_shares,confirmed,,,0.48484848484848486,
sec-rally-89ps1,89PS1,other,settled,2022-07-20,2022-07-20,2022-07-20,2022-07-20,2022-07-20,,245000.0,2000.0,,,https://www.sec.gov/Archives/edgar/data/1688804/000168880423000015/rsecollection1sa2023.htm,https://www.sec.gov/Archives/edgar/data/1688804/000168880423000015/rsecollection1sa2023.htm,,True,,122.5,245000.0,confirmed_total_payout_divided_by_shares,confirmed,,,0.48484848484848486,
sec-rally-89ps1,89PS1,other,settled,2022-07-20,2022-07-20,2022-07-20,2022-07-20,2022-07-20,,245000.0,2000.0,,,https://www.sec.gov/Archives/edgar/data/1688804/000168880422000069/253g2.htm,https://www.sec.gov/Archives/edgar/data/1688804/000168880422000069/253g2.htm,,True,,122.5,245000.0,confirmed_total_payout_divided_by_shares,confirmed,,,0.48484848484848486,
sec-rally-89ps1,89PS1,other,settled,2022-07-20,2022-07-20,2022-07-20,2022-07-20,2022-07-20,,245000.0,2000.0,,,https://www.sec.gov/Archives/edgar/data/1688804/000168880422000068/rsec1sa2022.htm,https://www.sec.gov/Archives/edgar/data/1688804/000168880422000068/rsec1sa2022.htm,,True,,122.5,245000.0,confirmed_total_payout_divided_by_shares,confirmed,,,0.48484848484848486,
sec-rally-89ps1,89PS1,other,settled,2022-07-20,2022-07-20,2022-07-20,2022-07-20,2022-07-20,,245000.0,2000.0,,,https://www.sec.gov/Archives/edgar/data/1688804/000168880422000066/253g2.htm,https://www.sec.gov/Archives/edgar/data/1688804/000168880422000066/253g2.htm,,True,,122.5,245000.0,confirmed_total_payout_divided_by_shares,confirmed,,,0.48484848484848486,
sec-rally-grateful1,GRATEFUL1,other,settled,2022-07-20,2022-07-20,2022-07-20,2022-07-20,2022-07-20,,13000.0,1000012500.0,,,https://www.sec.gov/Archives/edgar/data/1688804/000168880422000069/253g2.htm,https://www.sec.gov/Archives/edgar/data/1688804/000168880422000069/253g2.htm,,True,,1.2999837502031225e-05,13000.0,confirmed_total_payout_divided_by_shares,confirmed,,,-0.9999987000162498,
sec-rally-grateful1,GRATEFUL1,other,settled,2022-07-20,2022-07-20,2022-07-20,2022-07-20,2022-07-20,,13000.0,1000012500.0,,,https://www.sec.gov/Archives/edgar/data/1688804/000168880422000066/253g2.htm,https://www.sec.gov/Archives/edgar/data/1688804/000168880422000066/253g2.htm,,True,,1.2999837502031225e-05,13000.0,confirmed_total_payout_divided_by_shares,confirmed,,,-0.9999987000162498,
sec-rally-06fg1,06FG1,other,settled,2022-07-26,2022-07-26,2022-07-26,2022-07-26,2022-07-26,,245000.0,5000.0,,,https://www.sec.gov/Archives/edgar/data/1688804/000168880422000057/series89ps1form1u.htm,https://www.sec.gov/Archives/edgar/data/1688804/000168880422000057/series89ps1form1u.htm,,True,,49.0,245000.0,confirmed_total_payout_divided_by_shares,confirmed,,,-0.234375,-0.8357528553241707
sec-rally-89fg2,89FG2,other,settled,2022-08-18,2022-08-18,2022-08-18,2022-08-18,2022-08-18,,180000.0,1700.0,,,https://www.sec.gov/Archives/edgar/data/1688804/000168880425000007/rsecollection1sa2025.htm,https://www.sec.gov/Archives/edgar/data/1688804/000168880425000007/rsecollection1sa2025.htm,,True,,105.88235294117646,180000.0,confirmed_total_payout_divided_by_shares,confirmed,,,0.4117647058823528,
sec-rally-89fg2,89FG2,other,settled,2022-08-18,2022-08-18,2022-08-18,2022-08-18,2022-08-18,,180000.0,1700.0,,,https://www.sec.gov/Archives/edgar/data/1688804/000168880424000010/rsecollection1sa2024.htm,https://www.sec.gov/Archives/edgar/data/1688804/000168880424000010/rsecollection1sa2024.htm,,True,,105.88235294117646,180000.0,confirmed_total_payout_divided_by_shares,confirmed,,,0.4117647058823528,
sec-rally-89fg2,89FG2,other,settled,2022-08-18,2022-08-18,2022-08-18,2022-08-18,2022-08-18,,180000.0,1700.0,,,https://www.sec.gov/Archives/edgar/data/1688804/000168880423000015/rsecollection1sa2023.htm,https://www.sec.gov/Archives/edgar/data/1688804/000168880423000015/rsecollection1sa2023.htm,,True,,105.88235294117646,180000.0,confirmed_total_payout_divided_by_shares,confirmed,,,0.4117647058823528,
sec-rally-89fg2,89FG2,other,settled,2022-08-18,2022-08-18,2022-08-18,2022-08-18,2022-08-18,,180000.0,1700.0,,,https://www.sec.gov/Archives/edgar/data/1688804/000168880422000069/253g2.htm,https://www.sec.gov/Archives/edgar/data/1688804/000168880422000069/253g2.htm,,True,,105.88235294117646,180000.0,confirmed_total_payout_divided_by_shares,confirmed,,,0.4117647058823528,
sec-rally-89fg2,89FG2,other,settled,2022-08-18,2022-08-18,2022-08-18,2022-08-18,2022-08-18,,180000.0,1700.0,,,https://www.sec.gov/Archives/edgar/data/1688804/000168880422000068/rsec1sa2022.htm,https://www.sec.gov/Archives/edgar/data/1688804/000168880422000068/rsec1sa2022.htm,,True,,105.88235294117646,180000.0,confirmed_total_payout_divided_by_shares,confirmed,,,0.4117647058823528,
sec-rally-89fg2,89FG2,other,settled,2022-08-18,2022-08-18,2022-08-18,2022-08-18,2022-08-18,,180000.0,1700.0,,,https://www.sec.gov/Archives/edgar/data/1688804/000168880422000066/253g2.htm,https://www.sec.gov/Archives/edgar/data/1688804/000168880422000066/253g2.htm,,True,,105.88235294117646,180000.0,confirmed_total_payout_divided_by_shares,confirmed,,,0.4117647058823528,
sec-rally-06fg1,06FG1,other,settled,2022-08-31,2022-08-31,2022-08-31,2022-08-31,2022-08-31,,180000.0,5000.0,,,https://www.sec.gov/Archives/edgar/data/1688804/000176812622000043/series89fg2form1u.htm,https://www.sec.gov/Archives/edgar/data/1688804/000176812622000043/series89fg2form1u.htm,,True,,36.0,180000.0,confirmed_total_payout_divided_by_shares,confirmed,,,-0.4375,-0.9031914041043217
sec-rally-batman1,BATMAN1,other,settled,2022-10-03,2022-10-03,2022-10-03,2022-10-03,2022-10-03,,103950.0,1000.0,,,https://www.sec.gov/Archives/edgar/data/1688804/000168880425000007/rsecollection1sa2025.htm,https://www.sec.gov/Archives/edgar/data/1688804/000168880425000007/rsecollection1sa2025.htm,,True,,103.95,103950.0,confirmed_total_payout_divided_by_shares,confirmed,,,0.46408450704225346,
sec-rally-bobaproto,BOBAPROTO,other,settled,2022-10-25,2022-10-25,2022-10-25,2022-10-25,2022-10-25,,236000.0,1200015000.0,,,https://www.sec.gov/Archives/edgar/data/1688804/000168880422000070/253g2.htm,https://www.sec.gov/Archives/edgar/data/1688804/000168880422000070/253g2.htm,,True,,0.00019666420836406213,236000.00000000003,confirmed_total_payout_divided_by_shares,confirmed,,,-0.9999803335791636,-1.0
sec-rally-batman,BATMAN,other,settled,2022-11-03,2022-11-03,2022-11-03,2022-11-03,2022-11-03,,2200000.0,144000180000.0,,,https://www.sec.gov/Archives/edgar/data/1688804/000168880422000071/253g2.htm,https://www.sec.gov/Archives/edgar/data/1688804/000168880422000071/253g2.htm,,True,,1.5277758680579426e-05,2200000.0,confirmed_total_payout_divided_by_shares,confirmed,,,-0.999998472224132,
sec-rally-88jordan,88JORDAN,other,settled,2022-12-02,2022-12-02,2022-12-02,2022-12-02,2022-12-02,,61500.0,2000.0,,,https://www.sec.gov/Archives/edgar/data/1688804/000168880425000007/rsecollection1sa2025.htm,https://www.sec.gov/Archives/edgar/data/1688804/000168880425000007/rsecollection1sa2025.htm,,True,,30.75,61500.0,confirmed_total_payout_divided_by_shares,confirmed,,,1.7954545454545454,
,,other,settled,2022-12-09,2022-12-09,2022-12-09,2022-12-09,2022-12-09,,8131000.0,,,,https://www.sec.gov/Archives/edgar/data/1688804/000168880422000076/253g2.htm,https://www.sec.gov/Archives/edgar/data/1688804/000168880422000076/253g2.htm,,True,,,,missing,blocking,,,,
sec-rally-96jordan,96JORDAN,other,settled,2022-12-28,2022-12-28,2022-12-28,2022-12-28,2022-12-28,,92.0,12000.0,,,https://www.sec.gov/Archives/edgar/data/1688804/000168880425000007/rsecollection1sa2025.htm,https://www.sec.gov/Archives/edgar/data/1688804/000168880425000007/rsecollection1sa2025.htm,,True,,0.007666666666666666,92.0,confirmed_total_payout_divided_by_shares,confirmed,,,-0.9980833333333333,
sec-rally-16kobe,16KOBE,other,settled,2023-01-21,2023-01-21,2023-01-21,2023-01-21,2023-01-21,,800000.0,100000.0,,,https://www.sec.gov/Archives/edgar/data/1688804/000168880425000007/rsecollection1sa2025.htm,https://www.sec.gov/Archives/edgar/data/1688804/000168880425000007/rsecollection1sa2025.htm,,True,,8.0,800000.0,confirmed_total_payout_divided_by_shares,confirmed,,,0.0,
sec-rally-batman,BATMAN,other,settled,2023-01-30,2023-01-30,2023-01-30,2023-01-30,2023-01-30,,2000000.0,144000180000.0,,,https://www.sec.gov/Archives/edgar/data/1688804/000168880425000007/rsecollection1sa2025.htm,https://www.sec.gov/Archives/edgar/data/1688804/000168880425000007/rsecollection1sa2025.htm,,True,,1.388887152779948e-05,2000000.0,confirmed_total_payout_divided_by_shares,confirmed,,,-0.9999986111128473,
sec-rally-batman,BATMAN,other,settled,2023-01-30,2023-01-30,2023-01-30,2023-01-30,2023-01-30,,2000000.0,144000180000.0,,,https://www.sec.gov/Archives/edgar/data/1688804/000168880424000010/rsecollection1sa2024.htm,https://www.sec.gov/Archives/edgar/data/1688804/000168880424000010/rsecollection1sa2024.htm,,True,,1.388887152779948e-05,2000000.0,confirmed_total_payout_divided_by_shares,confirmed,,,-0.9999986111128473,
sec-rally-batman,BATMAN,other,settled,2023-01-30,2023-01-30,2023-01-30,2023-01-30,2023-01-30,,2000000.0,144000180000.0,,,https://www.sec.gov/Archives/edgar/data/1688804/000168880423000015/rsecollection1sa2023.htm,https://www.sec.gov/Archives/edgar/data/1688804/000168880423000015/rsecollection1sa2023.htm,,True,,1.388887152779948e-05,2000000.0,confirmed_total_payout_divided_by_shares,confirmed,,,-0.9999986111128473,
sec-rally-94csi,94CSI,other,settled,2023-03-03,2023-03-03,2023-03-03,2023-03-03,2023-03-03,,120000.0,10000.0,,,https://www.sec.gov/Archives/edgar/data/1688804/000168880425000007/rsecollection1sa2025.htm,https://www.sec.gov/Archives/edgar/data/1688804/000168880425000007/rsecollection1sa2025.htm,,True,,12.0,120000.0,confirmed_total_payout_divided_by_shares,confirmed,,,-0.1578947368421053,
sec-rally-94csi,94CSI,other,settled,2023-03-03,2023-03-03,2023-03-03,2023-03-03,2023-03-03,,120000.0,10000.0,,,https://www.sec.gov/Archives/edgar/data/1688804/000168880424000010/rsecollection1sa2024.htm,https://www.sec.gov/Archives/edgar/data/1688804/000168880424000010/rsecollection1sa2024.htm,,True,,12.0,120000.0,confirmed_total_payout_divided_by_shares,confirmed,,,-0.1578947368421053,
sec-rally-06fg1,06FG1,other,settled,2023-03-24,2023-03-24,2023-03-24,2023-03-24,2023-03-24,,114000.0,5000.0,,,https://www.sec.gov/Archives/edgar/data/1688804/000168880423000004/94csiform1u.htm,https://www.sec.gov/Archives/edgar/data/1688804/000168880423000004/94csiform1u.htm,,True,,22.8,114000.0,confirmed_total_payout_divided_by_shares,confirmed,,,-0.64375,-0.7213803426456158
sec-rally-92jordan,92JORDAN,other,settled,2023-04-24,2023-04-24,2023-04-24,2023-04-24,2023-04-24,,52000.0,7000.0,,,https://www.sec.gov/Archives/edgar/data/1688804/000168880425000007/rsecollection1sa2025.htm,https://www.sec.gov/Archives/edgar/data/1688804/000168880425000007/rsecollection1sa2025.htm,,True,,7.428571428571429,52000.0,confirmed_total_payout_divided_by_shares,confirmed,,,0.23809523809523814,
rally-faubourg,FAUBOURG,other,settled,2023-05-22,2023-05-22,2023-05-22,2023-05-22,2023-05-22,,175000.0,2000.0,,,https://www.sec.gov/Archives/edgar/data/1688804/000168880425000007/rsecollection1sa2025.htm,https://www.sec.gov/Archives/edgar/data/1688804/000168880425000007/rsecollection1sa2025.htm,,True,,87.5,175000.0,confirmed_total_payout_divided_by_shares,confirmed,,,0.16666666666666674,0.05833872576973209
sec-rally-ipod,IPOD,other,settled,2023-08-03,2023-08-03,2023-08-03,2023-08-03,2023-08-03,,29000.0,5000.0,,,https://www.sec.gov/Archives/edgar/data/1688804/000168880425000007/rsecollection1sa2025.htm,https://www.sec.gov/Archives/edgar/data/1688804/000168880425000007/rsecollection1sa2025.htm,,True,,5.8,29000.0,confirmed_total_payout_divided_by_shares,confirmed,,,0.15999999999999992,
sec-rally-70rlex,70RLEX,other,settled,2023-12-19,2023-12-19,2023-12-19,2023-12-19,2023-12-19,,30000.0,1000.0,,,https://www.sec.gov/Archives/edgar/data/1688804/000168880425000007/rsecollection1sa2025.htm,https://www.sec.gov/Archives/edgar/data/1688804/000168880425000007/rsecollection1sa2025.htm,,True,,30.0,30000.0,confirmed_total_payout_divided_by_shares,confirmed,,,0.5,
sec-rally-02ax1,02AX1,other,settled,2023-12-21,2023-12-21,2023-12-21,2023-12-21,2023-12-21,,137000.0,2000.0,,,https://www.sec.gov/Archives/edgar/data/1688804/000168880425000007/rsecollection1sa2025.htm,https://www.sec.gov/Archives/edgar/data/1688804/000168880425000007/rsecollection1sa2025.htm,,True,,68.5,137000.0,confirmed_total_payout_divided_by_shares,confirmed,,,0.2685185185185186,
sec-rally-02ax1,02AX1,other,settled,2023-12-21,2023-12-21,2023-12-21,2023-12-21,2023-12-21,,137000.0,2000.0,,,https://www.sec.gov/Archives/edgar/data/1688804/000168880424000010/rsecollection1sa2024.htm,https://www.sec.gov/Archives/edgar/data/1688804/000168880424000010/rsecollection1sa2024.htm,,True,,68.5,137000.0,confirmed_total_payout_divided_by_shares,confirmed,,,0.2685185185185186,
sec-rally-02bz1,02BZ1,other,settled,2023-12-21,2023-12-21,2023-12-21,2023-12-21,2023-12-21,,205000.0,3000.0,,,https://www.sec.gov/Archives/edgar/data/1688804/000168880425000007/rsecollection1sa2025.htm,https://www.sec.gov/Archives/edgar/data/1688804/000168880425000007/rsecollection1sa2025.htm,,True,,68.33333333333333,205000.0,confirmed_total_payout_divided_by_shares,confirmed,,,0.0512820512820511,
sec-rally-02bz1,02BZ1,other,settled,2023-12-21,2023-12-21,2023-12-21,2023-12-21,2023-12-21,,205000.0,3000.0,,,https://www.sec.gov/Archives/edgar/data/1688804/000168880424000010/rsecollection1sa2024.htm,https://www.sec.gov/Archives/edgar/data/1688804/000168880424000010/rsecollection1sa2024.htm,,True,,68.33333333333333,205000.0,confirmed_total_payout_divided_by_shares,confirmed,,,0.0512820512820511,
sec-rally-77le1,77LE1,other,settled,2023-12-21,2023-12-21,2023-12-21,2023-12-21,2023-12-21,,185000.0,2000.0,,,https://www.sec.gov/Archives/edgar/data/1688804/000168880424000010/rsecollection1sa2024.htm,https://www.sec.gov/Archives/edgar/data/1688804/000168880424000010/rsecollection1sa2024.htm,,True,,92.5,185000.0,confirmed_total_payout_divided_by_shares,confirmed,,,1.380952380952381,0.30862468279039845
sec-rally-80pn1,80PN1,other,settled,2023-12-21,2023-12-21,2023-12-21,2023-12-21,2023-12-21,,58000.0,5000.0,,,https://www.sec.gov/Archives/edgar/data/1688804/000168880425000007/rsecollection1sa2025.htm,https://www.sec.gov/Archives/edgar/data/1688804/000168880425000007/rsecollection1sa2025.htm,,True,,11.6,58000.0,confirmed_total_payout_divided_by_shares,confirmed,,,0.20833333333333326,
sec-rally-80pn1,80PN1,other,settled,2023-12-21,2023-12-21,2023-12-21,2023-12-21,2023-12-21,,58000.0,5000.0,,,https://www.sec.gov/Archives/edgar/data/1688804/000168880424000010/rsecollection1sa2024.htm,https://www.sec.gov/Archives/edgar/data/1688804/000168880424000010/rsecollection1sa2024.htm,,True,,11.6,58000.0,confirmed_total_payout_divided_by_shares,confirmed,,,0.20833333333333326,
sec-rally-85ft1,85FT1,other,settled,2023-12-21,2023-12-21,2023-12-21,2023-12-21,2023-12-21,,185000.0,2000.0,,,https://www.sec.gov/Archives/edgar/data/1688804/000168880425000007/rsecollection1sa2025.htm,https://www.sec.gov/Archives/edgar/data/1688804/000168880425000007/rsecollection1sa2025.htm,,True,,92.5,185000.0,confirmed_total_payout_divided_by_shares,confirmed,,,0.1212121212121211,
sec-rally-85ft1,85FT1,other,settled,2023-12-21,2023-12-21,2023-12-21,2023-12-21,2023-12-21,,185000.0,2000.0,,,https://www.sec.gov/Archives/edgar/data/1688804/000168880424000010/rsecollection1sa2024.htm,https://www.sec.gov/Archives/edgar/data/1688804/000168880424000010/rsecollection1sa2024.htm,,True,,92.5,185000.0,confirmed_total_payout_divided_by_shares,confirmed,,,0.1212121212121211,
sec-rally-88bm1,88BM1,other,settled,2023-12-21,2023-12-21,2023-12-21,2023-12-21,2023-12-21,,141000.0,3000.0,,,https://www.sec.gov/Archives/edgar/data/1688804/000168880425000007/rsecollection1sa2025.htm,https://www.sec.gov/Archives/edgar/data/1688804/000168880425000007/rsecollection1sa2025.htm,,True,,47.0,141000.0,confirmed_total_payout_divided_by_shares,confirmed,,,0.0,
sec-rally-88bm1,88BM1,other,settled,2023-12-21,2023-12-21,2023-12-21,2023-12-21,2023-12-21,,141000.0,3000.0,,,https://www.sec.gov/Archives/edgar/data/1688804/000168880424000010/rsecollection1sa2024.htm,https://www.sec.gov/Archives/edgar/data/1688804/000168880424000010/rsecollection1sa2024.htm,,True,,47.0,141000.0,confirmed_total_payout_divided_by_shares,confirmed,,,0.0,
sec-rally-88lj1,88LJ1,other,settled,2023-12-21,2023-12-21,2023-12-21,2023-12-21,2023-12-21,,135000.0,2000.0,,,https://www.sec.gov/Archives/edgar/data/1688804/000168880425000007/rsecollection1sa2025.htm,https://www.sec.gov/Archives/edgar/data/1688804/000168880425000007/rsecollection1sa2025.htm,,True,,67.5,135000.0,confirmed_total_payout_divided_by_shares,confirmed,,,0.0,
sec-rally-88lj1,88LJ1,other,settled,2023-12-21,2023-12-21,2023-12-21,2023-12-21,2023-12-21,,135000.0,2000.0,,,https://www.sec.gov/Archives/edgar/data/1688804/000168880424000010/rsecollection1sa2024.htm,https://www.sec.gov/Archives/edgar/data/1688804/000168880424000010/rsecollection1sa2024.htm,,True,,67.5,135000.0,confirmed_total_payout_divided_by_shares,confirmed,,,0.0,
sec-rally-88pt1,88PT1,other,settled,2023-12-21,2023-12-21,2023-12-21,2023-12-21,2023-12-21,,62000.0,2200.0,,,https://www.sec.gov/Archives/edgar/data/1688804/000168880425000007/rsecollection1sa2025.htm,https://www.sec.gov/Archives/edgar/data/1688804/000168880425000007/rsecollection1sa2025.htm,,True,,28.181818181818183,62000.0,confirmed_total_payout_divided_by_shares,confirmed,,,-0.06060606060606055,
sec-rally-88pt1,88PT1,other,settled,2023-12-21,2023-12-21,2023-12-21,2023-12-21,2023-12-21,,62000.0,2200.0,,,https://www.sec.gov/Archives/edgar/data/1688804/000168880424000010/rsecollection1sa2024.htm,https://www.sec.gov/Archives/edgar/data/1688804/000168880424000010/rsecollection1sa2024.htm,,True,,28.181818181818183,62000.0,confirmed_total_payout_divided_by_shares,confirmed,,,-0.06060606060606055,
sec-rally-95bl1,95BL1,other,settled,2023-12-21,2023-12-21,2023-12-21,2023-12-21,2023-12-21,,130000.0,2000.0,,,https://www.sec.gov/Archives/edgar/data/1688804/000168880425000007/rsecollection1sa2025.htm,https://www.sec.gov/Archives/edgar/data/1688804/000168880425000007/rsecollection1sa2025.htm,,True,,65.0,130000.0,confirmed_total_payout_divided_by_shares,confirmed,,,0.09704641350210963,
sec-rally-95bl1,95BL1,other,settled,2023-12-21,2023-12-21,2023-12-21,2023-12-21,2023-12-21,,130000.0,2000.0,,,https://www.sec.gov/Archives/edgar/data/1688804/000168880424000010/rsecollection1sa2024.htm,https://www.sec.gov/Archives/edgar/data/1688804/000168880424000010/rsecollection1sa2024.htm,,True,,65.0,130000.0,confirmed_total_payout_divided_by_shares,confirmed,,,0.09704641350210963,
,,other,settled,2023-12-21,2023-12-21,2023-12-21,2023-12-21,2023-12-21,,185000.0,,,,https://www.sec.gov/Archives/edgar/data/1688804/000168880425000007/rsecollection1sa2025.htm,https://www.sec.gov/Archives/edgar/data/1688804/000168880425000007/rsecollection1sa2025.htm,,True,,,,missing,blocking,,,,
sec-rally-69bm1,69BM1,other,settled,2023-12-28,2023-12-28,2023-12-28,2023-12-28,2023-12-28,,130000.0,2000.0,,,https://www.sec.gov/Archives/edgar/data/1688804/000168880423000016/form1u.htm,https://www.sec.gov/Archives/edgar/data/1688804/000168880423000016/form1u.htm,,True,,65.0,130000.0,confirmed_total_payout_divided_by_shares,confirmed,,,0.13043478260869557,0.0385125509472537
sec-rally-84jordan,84JORDAN,other,settled,2024-01-11,2024-01-11,2024-01-11,2024-01-11,2024-01-11,,513985.0,15000.0,,,https://www.sec.gov/Archives/edgar/data/1688804/000168880425000007/rsecollection1sa2025.htm,https://www.sec.gov/Archives/edgar/data/1688804/000168880425000007/rsecollection1sa2025.htm,,True,,34.26566666666667,513985.0,confirmed_total_payout_divided_by_shares,confirmed,,,0.37062666666666666,
sec-rally-79gretzky,79GRETZKY,other,settled,2024-01-31,2024-01-31,2024-01-31,2024-01-31,2024-01-31,,920000.0,20000.0,,,https://www.sec.gov/Archives/edgar/data/1688804/000168880425000007/rsecollection1sa2025.htm,https://www.sec.gov/Archives/edgar/data/1688804/000168880425000007/rsecollection1sa2025.htm,,True,,46.0,920000.0,confirmed_total_payout_divided_by_shares,confirmed,,,0.1499999999999999,
sec-rally-potter,POTTER,other,settled,2024-02-01,2024-02-01,2024-02-01,2024-02-01,2024-02-01,,132500.0,3000.0,,,https://www.sec.gov/Archives/edgar/data/1688804/000168880425000007/rsecollection1sa2025.htm,https://www.sec.gov/Archives/edgar/data/1688804/000168880425000007/rsecollection1sa2025.htm,,True,,44.166666666666664,132500.0,confirmed_total_payout_divided_by_shares,confirmed,,,0.8402777777777777,
sec-rally-henderson,HENDERSON,other,settled,2024-02-29,2024-02-29,2024-02-29,2024-02-29,2024-02-29,,121001.11,27000.0,,,https://www.sec.gov/Archives/edgar/data/1688804/000168880425000007/rsecollection1sa2025.htm,https://www.sec.gov/Archives/edgar/data/1688804/000168880425000007/rsecollection1sa2025.htm,,True,,4.481522592592593,121001.11,confirmed_total_payout_divided_by_shares,confirmed,,,-0.10369548148148144,
sec-rally-85jordan,85JORDAN,other,settled,2024-03-05,2024-03-05,2024-03-05,2024-03-05,2024-03-05,,275000.0,10000.0,,,https://www.sec.gov/Archives/edgar/data/1688804/000168880425000007/rsecollection1sa2025.htm,https://www.sec.gov/Archives/edgar/data/1688804/000168880425000007/rsecollection1sa2025.htm,,True,,27.5,275000.0,confirmed_total_payout_divided_by_shares,confirmed,,,0.10000000000000009,
sec-rally-80lc1,80LC1,other,settled,2024-03-13,2024-03-13,2024-03-13,2024-03-13,2024-03-13,,1181250.0,5000.0,,,https://www.sec.gov/Archives/edgar/data/1688804/000168880425000007/rsecollection1sa2025.htm,https://www.sec.gov/Archives/edgar/data/1688804/000168880425000007/rsecollection1sa2025.htm,,True,,236.25,1181250.0,confirmed_total_payout_divided_by_shares,confirmed,,,0.860236220472441,
sec-rally-80lc1,80LC1,other,settled,2024-03-13,2024-03-13,2024-03-13,2024-03-13,2024-03-13,,1181250.0,5000.0,,,https://www.sec.gov/Archives/edgar/data/1688804/000168880424000010/rsecollection1sa2024.htm,https://www.sec.gov/Archives/edgar/data/1688804/000168880424000010/rsecollection1sa2024.htm,,True,,236.25,1181250.0,confirmed_total_payout_divided_by_shares,confirmed,,,0.860236220472441,
sec-rally-80lc1,80LC1,other,settled,2024-03-21,2024-03-21,2024-03-21,2024-03-21,2024-03-21,,1181250.0,5000.0,,,https://www.sec.gov/Archives/edgar/data/1688804/000168880424000003/series80lc1form1u.htm,https://www.sec.gov/Archives/edgar/data/1688804/000168880424000003/series80lc1form1u.htm,,True,,236.25,1181250.0,confirmed_total_payout_divided_by_shares,confirmed,,,0.860236220472441,
sec-rally-34gehrig,34GEHRIG,other,settled,2024-03-31,2024-03-31,2024-03-31,2024-03-31,2024-03-31,,86000.0,5000.0,,,https://www.sec.gov/Archives/edgar/data/1688804/000168880425000007/rsecollection1sa2025.htm,https://www.sec.gov/Archives/edgar/data/1688804/000168880425000007/rsecollection1sa2025.htm,,True,,17.2,86000.0,confirmed_total_payout_divided_by_shares,confirmed,,,1.4571428571428569,
sec-rally-99mjretro,99MJRETRO,other,settled,2024-03-31,2024-03-31,2024-03-31,2024-03-31,2024-03-31,,38000.0,10000.0,,,https://www.sec.gov/Archives/edgar/data/1688804/000168880425000007/rsecollection1sa2025.htm,https://www.sec.gov/Archives/edgar/data/1688804/000168880425000007/rsecollection1sa2025.htm,,True,,3.8,38000.0,confirmed_total_payout_divided_by_shares,confirmed,,,-0.24,
sec-rally-85jordan2,85JORDAN2,other,settled,2024-04-11,2024-04-11,2024-04-11,2024-04-11,2024-04-11,,437500.0,20000.0,,,https://www.sec.gov/Archives/edgar/data/1688804/000168880425000007/rsecollection1sa2025.htm,https://www.sec.gov/Archives/edgar/data/1688804/000168880425000007/rsecollection1sa2025.htm,,True,,21.875,437500.0,confirmed_total_payout_divided_by_shares,confirmed,,,0.5625,
sec-rally-nasa1,NASA1,other,settled,2024-04-25,2024-04-25,2024-04-25,2024-04-25,2024-04-25,,349627.0,10000.0,,,https://www.sec.gov/Archives/edgar/data/1688804/000168880425000007/rsecollection1sa2025.htm,https://www.sec.gov/Archives/edgar/data/1688804/000168880425000007/rsecollection1sa2025.htm,,True,,34.9627,349627.0,confirmed_total_payout_divided_by_shares,confirmed,,,0.16542333333333326,
sec-rally-punchout,PUNCHOUT,other,settled,2024-05-02,2024-05-02,2024-05-02,2024-05-02,2024-05-02,,100000.0,10000.0,,,https://www.sec.gov/Archives/edgar/data/1688804/000168880425000007/rsecollection1sa2025.htm,https://www.sec.gov/Archives/edgar/data/1688804/000168880425000007/rsecollection1sa2025.htm,,True,,10.0,100000.0,confirmed_total_payout_divided_by_shares,confirmed,,,0.11111111111111116,
sec-rally-33ruth,33RUTH,other,settled,2024-06-02,2024-06-02,2024-06-02,2024-06-02,2024-06-02,,180000.0,2000.0,,,https://www.sec.gov/Archives/edgar/data/1688804/000168880425000007/rsecollection1sa2025.htm,https://www.sec.gov/Archives/edgar/data/1688804/000168880425000007/rsecollection1sa2025.htm,,True,,90.0,180000.0,confirmed_total_payout_divided_by_shares,confirmed,,,1.3376623376623376,
sec-rally-pokemon1,POKEMON1,other,settled,2024-06-02,2024-06-02,2024-06-02,2024-06-02,2024-06-02,,260005.0,5000.0,,,https://www.sec.gov/Archives/edgar/data/1688804/000168880425000007/rsecollection1sa2025.htm,https://www.sec.gov/Archives/edgar/data/1688804/000168880425000007/rsecollection1sa2025.htm,,True,,52.001,260005.0,confirmed_total_payout_divided_by_shares,confirmed,,,1.08004,
sec-rally-99le1,99LE1,other,settled,2024-08-22,2024-08-22,2024-08-22,2024-08-22,2024-08-22,,85000.0,2000.0,,,https://www.sec.gov/Archives/edgar/data/1688804/000168880425000007/rsecollection1sa2025.htm,https://www.sec.gov/Archives/edgar/data/1688804/000168880425000007/rsecollection1sa2025.htm,,True,,42.5,85000.0,confirmed_total_payout_divided_by_shares,confirmed,,,0.2230215827338129,
sec-rally-99le1,99LE1,other,settled,2024-08-22,2024-08-22,2024-08-22,2024-08-22,2024-08-22,,85000.0,2000.0,,,https://www.sec.gov/Archives/edgar/data/1688804/000168880424000010/rsecollection1sa2024.htm,https://www.sec.gov/Archives/edgar/data/1688804/000168880424000010/rsecollection1sa2024.htm,,True,,42.5,85000.0,confirmed_total_payout_divided_by_shares,confirmed,,,0.2230215827338129,
sec-rally-ipadproto,IPADPROTO,other,settled,2024-08-22,2024-08-22,2024-08-22,2024-08-22,2024-08-22,,21997.0,2000.0,,,https://www.sec.gov/Archives/edgar/data/1688804/000168880425000007/rsecollection1sa2025.htm,https://www.sec.gov/Archives/edgar/data/1688804/000168880425000007/rsecollection1sa2025.htm,,True,,10.9985,21997.0,confirmed_total_payout_divided_by_shares,confirmed,,,0.692076923076923,
sec-rally-10cobb,10COBB,other,settled,2024-08-29,2024-08-29,2024-08-29,2024-08-29,2024-08-29,,27083.0,1000.0,,,https://www.sec.gov/Archives/edgar/data/1688804/000168880425000007/rsecollection1sa2025.htm,https://www.sec.gov/Archives/edgar/data/1688804/000168880425000007/rsecollection1sa2025.htm,,True,,27.083,27083.0,confirmed_total_payout_divided_by_shares,confirmed,,,-0.3055641025641026,
sec-rally-15cobb,15COBB,other,settled,2024-08-29,2024-08-29,2024-08-29,2024-08-29,2024-08-29,,75795.0,7000.0,,,https://www.sec.gov/Archives/edgar/data/1688804/000168880425000007/rsecollection1sa2025.htm,https://www.sec.gov/Archives/edgar/data/1688804/000168880425000007/rsecollection1sa2025.htm,,True,,10.827857142857143,75795.0,confirmed_total_payout_divided_by_shares,confirmed,,,-0.01564935064935069,
sec-rally-38dimaggio,38DIMAGGIO,other,settled,2024-08-29,2024-08-29,2024-08-29,2024-08-29,2024-08-29,,41409.0,1000.0,,,https://www.sec.gov/Archives/edgar/data/1688804/000168880425000007/rsecollection1sa2025.htm,https://www.sec.gov/Archives/edgar/data/1688804/000168880425000007/rsecollection1sa2025.htm,,True,,41.409,41409.0,confirmed_total_payout_divided_by_shares,confirmed,,,0.8822272727272726,
sec-rally-68ryan,68RYAN,other,settled,2024-08-29,2024-08-29,2024-08-29,2024-08-29,2024-08-29,,55954.0,10000.0,,,https://www.sec.gov/Archives/edgar/data/1688804/000168880425000007/rsecollection1sa2025.htm,https://www.sec.gov/Archives/edgar/data/1688804/000168880425000007/rsecollection1sa2025.htm,,True,,5.5954,55954.0,confirmed_total_payout_divided_by_shares,confirmed,,,-0.20065714285714287,
sec-rally-honus2,HONUS2,other,settled,2024-08-29,2024-08-29,2024-08-29,2024-08-29,2024-08-29,,97001.0,10000.0,,,https://www.sec.gov/Archives/edgar/data/1688804/000168880425000007/rsecollection1sa2025.htm,https://www.sec.gov/Archives/edgar/data/1688804/000168880425000007/rsecollection1sa2025.htm,,True,,9.7001,97001.00000000001,confirmed_total_payout_divided_by_shares,confirmed,,,-0.02998999999999996,
sec-rally-jobsmac,JOBSMAC,other,settled,2024-08-29,2024-08-29,2024-08-29,2024-08-29,2024-08-29,,150000.0,5000.0,,,https://www.sec.gov/Archives/edgar/data/1688804/000168880425000007/rsecollection1sa2025.htm,https://www.sec.gov/Archives/edgar/data/1688804/000168880425000007/rsecollection1sa2025.htm,,True,,30.0,150000.0,confirmed_total_payout_divided_by_shares,confirmed,,,2.0,
sec-rally-federal,FEDERAL,other,settled,2024-09-07,2024-09-07,2024-09-07,2024-09-07,2024-09-07,,195000.0,10000.0,,,https://www.sec.gov/Archives/edgar/data/1688804/000168880425000007/rsecollection1sa2025.htm,https://www.sec.gov/Archives/edgar/data/1688804/000168880425000007/rsecollection1sa2025.htm,,True,,19.5,195000.0,confirmed_total_payout_divided_by_shares,confirmed,,,0.30000000000000004,
sec-rally-macworld1,MACWORLD1,other,settled,2024-09-07,2024-09-07,2024-09-07,2024-09-07,2024-09-07,,245000.0,20000.0,,,https://www.sec.gov/Archives/edgar/data/1688804/000168880425000007/rsecollection1sa2025.htm,https://www.sec.gov/Archives/edgar/data/1688804/000168880425000007/rsecollection1sa2025.htm,,True,,12.25,245000.0,confirmed_total_payout_divided_by_shares,confirmed,,,0.0888888888888888,
sec-rally-macworld1,MACWORLD1,other,settled,2024-09-07,2024-09-07,2024-09-07,2024-09-07,2024-09-07,,245000.0,20000.0,,,https://www.sec.gov/Archives/edgar/data/1688804/000168880424000010/rsecollection1sa2024.htm,https://www.sec.gov/Archives/edgar/data/1688804/000168880424000010/rsecollection1sa2024.htm,,True,,12.25,245000.0,confirmed_total_payout_divided_by_shares,confirmed,,,0.0888888888888888,
sec-rally-94ld1,94LD1,other,settled,2024-09-13,2024-09-13,2024-09-13,2024-09-13,2024-09-13,,975000.0,5000.0,,,https://www.sec.gov/Archives/edgar/data/1688804/000168880425000007/rsecollection1sa2025.htm,https://www.sec.gov/Archives/edgar/data/1688804/000168880425000007/rsecollection1sa2025.htm,,True,,195.0,975000.0,confirmed_total_payout_divided_by_shares,confirmed,,,0.6317991631799162,
sec-rally-clemente2,CLEMENTE2,other,settled,2024-09-15,2024-09-15,2024-09-15,2024-09-15,2024-09-15,,72500.0,2000.0,,,https://www.sec.gov/Archives/edgar/data/1688804/000168880425000007/rsecollection1sa2025.htm,https://www.sec.gov/Archives/edgar/data/1688804/000168880425000007/rsecollection1sa2025.htm,,True,,36.25,72500.0,confirmed_total_payout_divided_by_shares,confirmed,,,0.03571428571428581,
sec-rally-48jackie,48JACKIE,other,settled,2024-09-25,2024-09-25,2024-09-25,2024-09-25,2024-09-25,,260000.0,18750.0,,,https://www.sec.gov/Archives/edgar/data/1688804/000168880425000007/rsecollection1sa2025.htm,https://www.sec.gov/Archives/edgar/data/1688804/000168880425000007/rsecollection1sa2025.htm,,True,,13.866666666666667,260000.0,confirmed_total_payout_divided_by_shares,confirmed,,,-0.30666666666666664,
sec-rally-54aaron,54AARON,other,settled,2024-09-25,2024-09-25,2024-09-25,2024-09-25,2024-09-25,,120000.0,17000.0,,,https://www.sec.gov/Archives/edgar/data/1688804/000168880425000007/rsecollection1sa2025.htm,https://www.sec.gov/Archives/edgar/data/1688804/000168880425000007/rsecollection1sa2025.htm,,True,,7.0588235294117645,120000.0,confirmed_total_payout_divided_by_shares,confirmed,,,-0.2941176470588236,
sec-rally-99le1,99LE1,other,settled,2024-10-02,2024-10-02,2024-10-02,2024-10-02,2024-10-02,,85000.0,2000.0,,,https://www.sec.gov/Archives/edgar/data/1688804/000168880424000011/series99le1form1u.htm,https://www.sec.gov/Archives/edgar/data/1688804/000168880424000011/series99le1form1u.htm,,True,,42.5,85000.0,confirmed_total_payout_divided_by_shares,confirmed,,,0.2230215827338129,2438160.942948654
sec-rally-36owens,36OWENS,other,settled,2024-10-17,2024-10-17,2024-10-17,2024-10-17,2024-10-17,,27200.0,2500.0,,,https://www.sec.gov/Archives/edgar/data/1688804/000168880425000007/rsecollection1sa2025.htm,https://www.sec.gov/Archives/edgar/data/1688804/000168880425000007/rsecollection1sa2025.htm,,True,,10.88,27200.000000000004,confirmed_total_payout_divided_by_shares,confirmed,,,0.08800000000000008,
sec-rally-94ld1,94LD1,other,settled,2024-10-21,2024-10-21,2024-10-21,2024-10-21,2024-10-21,,975000.0,5000.0,,,https://www.sec.gov/Archives/edgar/data/1688804/000168880424000013/series94ld1form1u.htm,https://www.sec.gov/Archives/edgar/data/1688804/000168880424000013/series94ld1form1u.htm,,True,,195.0,975000.0,confirmed_total_payout_divided_by_shares,confirmed,,,0.6317991631799162,
sec-rally-hobbit,HOBBIT,other,settled,2024-11-07,2024-11-07,2024-11-07,2024-11-07,2024-11-07,,90000.0,10000.0,,,https://www.sec.gov/Archives/edgar/data/1688804/000168880425000007/rsecollection1sa2025.htm,https://www.sec.gov/Archives/edgar/data/1688804/000168880425000007/rsecollection1sa2025.htm,,True,,9.0,90000.0,confirmed_total_payout_divided_by_shares,confirmed,,,0.125,
sec-rally-ohtani1,OHTANI1,other,settled,2024-12-07,2024-12-07,2024-12-07,2024-12-07,2024-12-07,,78400.0,10000.0,,,https://www.sec.gov/Archives/edgar/data/1688804/000168880425000007/rsecollection1sa2025.htm,https://www.sec.gov/Archives/edgar/data/1688804/000168880425000007/rsecollection1sa2025.htm,,True,,7.84,78400.0,confirmed_total_payout_divided_by_shares,confirmed,,,-0.12888888888888894,
sec-rally-ohtani2,OHTANI2,other,settled,2024-12-07,2024-12-07,2024-12-07,2024-12-07,2024-12-07,,97440.0,9125.0,,,https://www.sec.gov/Archives/edgar/data/1688804/000168880425000007/rsecollection1sa2025.htm,https://www.sec.gov/Archives/edgar/data/1688804/000168880425000007/rsecollection1sa2025.htm,,True,,10.678356164383562,97440.0,confirmed_total_payout_divided_by_shares,confirmed,,,0.33479452054794523,
rally-faubourg2,FAUBOURG2,other,settled,2024-12-14,2024-12-14,2024-12-14,2024-12-14,2024-12-14,,180000.0,11000.0,,,https://www.sec.gov/Archives/edgar/data/1688804/000168880425000007/rsecollection1sa2025.htm,https://www.sec.gov/Archives/edgar/data/1688804/000168880425000007/rsecollection1sa2025.htm,,True,,16.363636363636363,180000.0,confirmed_total_payout_divided_by_shares,confirmed,,,0.09090909090909083,0.02226851233338678
sec-rally-05mjlj,05MJLJ,other,settled,2024-12-18,2024-12-18,2024-12-18,2024-12-18,2024-12-18,,56650.0,20500.0,,,https://www.sec.gov/Archives/edgar/data/1688804/000168880425000007/rsecollection1sa2025.htm,https://www.sec.gov/Archives/edgar/data/1688804/000168880425000007/rsecollection1sa2025.htm,,True,,2.7634146341463413,56649.99999999999,confirmed_total_payout_divided_by_shares,confirmed,,,-0.3091463414634147,
sec-rally-03kobe,03KOBE,other,settled,2024-12-23,2024-12-23,2024-12-23,2024-12-23,2024-12-23,,43500.0,6250.0,,,https://www.sec.gov/Archives/edgar/data/1688804/000168880425000007/rsecollection1sa2025.htm,https://www.sec.gov/Archives/edgar/data/1688804/000168880425000007/rsecollection1sa2025.htm,,True,,6.96,43500.0,confirmed_total_payout_divided_by_shares,confirmed,,,-0.13,
sec-rally-06fg1,06FG1,other,settled,2024-12-26,2024-12-26,2024-12-26,2024-12-26,2024-12-26,,120000.0,5000.0,,,https://www.sec.gov/Archives/edgar/data/1688804/000176812624000021/series54aaronform1u.htm,https://www.sec.gov/Archives/edgar/data/1688804/000176812624000021/series54aaronform1u.htm,,True,,24.0,120000.0,confirmed_total_payout_divided_by_shares,confirmed,,,-0.625,-0.3174553838214249
sec-rally-05mjlj,05MJLJ,other,settled,2025-03-19,2025-03-19,2025-03-19,2025-03-19,2025-03-19,,56650.0,20500.0,,,https://www.sec.gov/Archives/edgar/data/1688804/000168880425000001/series05mjljform1u.htm,https://www.sec.gov/Archives/edgar/data/1688804/000168880425000001/series05mjljform1u.htm,,True,,2.7634146341463413,56649.99999999999,confirmed_total_payout_divided_by_shares,confirmed,,,-0.3091463414634147,
rally-birkinblu,BIRKINBLU,other,settled,2025-04-09,2025-04-09,2025-04-09,2025-04-09,2025-04-09,,68000.0,55.0,,,https://www.sec.gov/Archives/edgar/data/1688804/000168880425000007/rsecollection1sa2025.htm,https://www.sec.gov/Archives/edgar/data/1688804/000168880425000007/rsecollection1sa2025.htm,,True,,1236.3636363636363,68000.0,confirmed_total_payout_divided_by_shares,confirmed,,,-0.9786833855799373,-0.5072455208065524
sec-rally-17dujac,17DUJAC,other,settled,2025-05-08,2025-05-08,2025-05-08,2025-05-08,2025-05-08,,35500.0,3250.0,,,https://www.sec.gov/Archives/edgar/data/1688804/000168880425000007/rsecollection1sa2025.htm,https://www.sec.gov/Archives/edgar/data/1688804/000168880425000007/rsecollection1sa2025.htm,,True,,10.923076923076923,35500.0,confirmed_total_payout_divided_by_shares,confirmed,,,0.3653846153846154,
sec-rally-neobox,NEOBOX,other,settled,2025-05-23,2025-05-23,2025-05-23,2025-05-23,2025-05-23,,33000.0,10000.0,,,https://www.sec.gov/Archives/edgar/data/1688804/000168880425000007/rsecollection1sa2025.htm,https://www.sec.gov/Archives/edgar/data/1688804/000168880425000007/rsecollection1sa2025.htm,,True,,3.3,33000.0,confirmed_total_payout_divided_by_shares,confirmed,,,-0.2666666666666667,
sec-rally-03ronaldo,03RONALDO,other,settled,2025-08-13,2025-08-13,2025-08-13,2025-08-13,2025-08-13,,105000.0,12500.0,,,https://www.sec.gov/Archives/edgar/data/1688804/000168880425000007/rsecollection1sa2025.htm,https://www.sec.gov/Archives/edgar/data/1688804/000168880425000007/rsecollection1sa2025.htm,,True,,8.4,105000.0,confirmed_total_payout_divided_by_shares,confirmed,,,-0.4,
sec-rally-bayc7359,BAYC7359,other,settled,2025-09-18,2025-09-18,2025-09-18,2025-09-18,2025-09-18,,43955.0,19000.0,,,https://www.sec.gov/Archives/edgar/data/1688804/000168880425000007/rsecollection1sa2025.htm,https://www.sec.gov/Archives/edgar/data/1688804/000168880425000007/rsecollection1sa2025.htm,,True,,2.313421052631579,43955.0,confirmed_total_payout_divided_by_shares,confirmed,,,-0.7686578947368421,
sec-rally-04messi,04MESSI,other,settled,2025-09-19,2025-09-19,2025-09-19,2025-09-19,2025-09-19,,120000.0,9000.0,,,https://www.sec.gov/Archives/edgar/data/1688804/000168880425000007/rsecollection1sa2025.htm,https://www.sec.gov/Archives/edgar/data/1688804/000168880425000007/rsecollection1sa2025.htm,,True,,13.333333333333334,120000.0,confirmed_total_payout_divided_by_shares,confirmed,,,1.666666666666667,
sec-rally-76pt1,76PT1,other,settled,2026-01-06,2026-01-06,2026-01-06,2026-01-06,2026-01-06,,207255.0,3000.0,,,https://www.sec.gov/Archives/edgar/data/1688804/000168880426000008/form1u.htm,https://www.sec.gov/Archives/edgar/data/1688804/000168880426000008/form1u.htm,,True,,69.085,207254.99999999997,confirmed_total_payout_divided_by_shares,confirmed,,,0.09139020537124787,0.016731654507495364
