index_id,index_name,date,index_level,return_1d,constituent_count,weighting_method,category,data_quality_notes,max_staleness_days
rally_market_equal_weight,Equal-Weighted Rally Market Index,2020-03-17,100.0,,1,equal,all,Prototype index from local manual/imported Rally price snapshots; limited price-history coverage.,0
rally_market_equal_weight,Equal-Weighted Rally Market Index,2020-04-28,100.0,,1,equal,all,Prototype index from local manual/imported Rally price snapshots; limited price-history coverage.,0
rally_market_equal_weight,Equal-Weighted Rally Market Index,2020-05-05,100.0,,1,equal,all,Prototype index from local manual/imported Rally price snapshots; limited price-history coverage.,0
rally_market_equal_weight,Equal-Weighted Rally Market Index,2020-05-12,100.0,,1,equal,all,Prototype index from local manual/imported Rally price snapshots; limited price-history coverage.,0
rally_market_equal_weight,Equal-Weighted Rally Market Index,2020-06-02,100.0,,1,equal,all,Prototype index from local manual/imported Rally price snapshots; limited price-history coverage.,0
rally_market_equal_weight,Equal-Weighted Rally Market Index,2020-06-09,100.0,,1,equal,all,Prototype index from local manual/imported Rally price snapshots; limited price-history coverage.,0
rally_market_equal_weight,Equal-Weighted Rally Market Index,2020-06-30,100.0,,1,equal,all,Prototype index from local manual/imported Rally price snapshots; limited price-history coverage.,0
rally_market_equal_weight,Equal-Weighted Rally Market Index,2020-08-04,100.0,,1,equal,all,Prototype index from local manual/imported Rally price snapshots; limited price-history coverage.,0
rally_market_equal_weight,Equal-Weighted Rally Market Index,2020-08-11,100.0,,1,equal,all,Prototype index from local manual/imported Rally price snapshots; limited price-history coverage.,0
rally_market_equal_weight,Equal-Weighted Rally Market Index,2020-08-18,100.0,,1,equal,all,Prototype index from local manual/imported Rally price snapshots; limited price-history coverage.,0
rally_market_equal_weight,Equal-Weighted Rally Market Index,2020-09-15,100.0,,3,equal,all,Prototype index from local manual/imported Rally price snapshots; limited price-history coverage.,0
rally_market_equal_weight,Equal-Weighted Rally Market Index,2020-09-29,100.0,,1,equal,all,Prototype index from local manual/imported Rally price snapshots; limited price-history coverage.,0
rally_market_equal_weight,Equal-Weighted Rally Market Index,2020-10-13,100.0,,1,equal,all,Prototype index from local manual/imported Rally price snapshots; limited price-history coverage.,0
rally_market_equal_weight,Equal-Weighted Rally Market Index,2020-10-20,100.0,,1,equal,all,Prototype index from local manual/imported Rally price snapshots; limited price-history coverage.,0
rally_market_equal_weight,Equal-Weighted Rally Market Index,2020-11-05,100.0,,1,equal,all,Prototype index from local manual/imported Rally price snapshots; limited price-history coverage.,0
rally_market_equal_weight,Equal-Weighted Rally Market Index,2020-11-10,100.0,,1,equal,all,Prototype index from local manual/imported Rally price snapshots; limited price-history coverage.,0
rally_market_equal_weight,Equal-Weighted Rally Market Index,2020-11-17,100.0,,2,equal,all,Prototype index from local manual/imported Rally price snapshots; limited price-history coverage.,0
rally_market_equal_weight,Equal-Weighted Rally Market Index,2020-11-24,100.0,,1,equal,all,Prototype index from local manual/imported Rally price snapshots; limited price-history coverage.,0
rally_market_equal_weight,Equal-Weighted Rally Market Index,2020-12-01,100.0,,2,equal,all,Prototype index from local manual/imported Rally price snapshots; limited price-history coverage.,0
rally_market_equal_weight,Equal-Weighted Rally Market Index,2020-12-15,100.0,,3,equal,all,Prototype index from local manual/imported Rally price snapshots; limited price-history coverage.,0
rally_market_equal_weight,Equal-Weighted Rally Market Index,2020-12-22,100.0,,3,equal,all,Prototype index from local manual/imported Rally price snapshots; limited price-history coverage.,0
rally_market_equal_weight,Equal-Weighted Rally Market Index,2020-12-29,100.0,,1,equal,all,Prototype index from local manual/imported Rally price snapshots; limited price-history coverage.,0
rally_market_equal_weight,Equal-Weighted Rally Market Index,2020-12-30,100.0,,1,equal,all,Prototype index from local manual/imported Rally price snapshots; limited price-history coverage.,0
rally_market_equal_weight,Equal-Weighted Rally Market Index,2021-01-05,100.0,,3,equal,all,Prototype index from local manual/imported Rally price snapshots; limited price-history coverage.,0
rally_market_equal_weight,Equal-Weighted Rally Market Index,2021-01-14,100.0,,1,equal,all,Prototype index from local manual/imported Rally price snapshots; limited price-history coverage.,0
rally_market_equal_weight,Equal-Weighted Rally Market Index,2021-01-21,100.0,,1,equal,all,Prototype index from local manual/imported Rally price snapshots; limited price-history coverage.,0
rally_market_equal_weight,Equal-Weighted Rally Market Index,2021-02-02,100.0,,1,equal,all,Prototype index from local manual/imported Rally price snapshots; limited price-history coverage.,0
rally_market_equal_weight,Equal-Weighted Rally Market Index,2021-02-09,100.0,,3,equal,all,Prototype index from local manual/imported Rally price snapshots; limited price-history coverage.,0
rally_market_equal_weight,Equal-Weighted Rally Market Index,2021-02-18,100.0,,2,equal,all,Prototype index from local manual/imported Rally price snapshots; limited price-history coverage.,0
rally_market_equal_weight,Equal-Weighted Rally Market Index,2021-02-23,100.0,,2,equal,all,Prototype index from local manual/imported Rally price snapshots; limited price-history coverage.,0
rally_market_equal_weight,Equal-Weighted Rally Market Index,2021-02-25,100.0,,1,equal,all,Prototype index from local manual/imported Rally price snapshots; limited price-history coverage.,0
rally_market_equal_weight,Equal-Weighted Rally Market Index,2021-03-02,100.0,,3,equal,all,Prototype index from local manual/imported Rally price snapshots; limited price-history coverage.,0
rally_market_equal_weight,Equal-Weighted Rally Market Index,2021-03-04,100.0,,1,equal,all,Prototype index from local manual/imported Rally price snapshots; limited price-history coverage.,0
rally_market_equal_weight,Equal-Weighted Rally Market Index,2021-03-09,100.0,,1,equal,all,Prototype index from local manual/imported Rally price snapshots; limited price-history coverage.,0
rally_market_equal_weight,Equal-Weighted Rally Market Index,2021-03-11,100.0,,1,equal,all,Prototype index from local manual/imported Rally price snapshots; limited price-history coverage.,0
rally_market_equal_weight,Equal-Weighted Rally Market Index,2021-03-16,100.0,,2,equal,all,Prototype index from local manual/imported Rally price snapshots; limited price-history coverage.,0
rally_market_equal_weight,Equal-Weighted Rally Market Index,2021-03-18,100.0,,1,equal,all,Prototype index from local manual/imported Rally price snapshots; limited price-history coverage.,0
rally_market_equal_weight,Equal-Weighted Rally Market Index,2021-03-23,100.0,,1,equal,all,Prototype index from local manual/imported Rally price snapshots; limited price-history coverage.,0
rally_market_equal_weight,Equal-Weighted Rally Market Index,2021-03-30,100.0,,1,equal,all,Prototype index from local manual/imported Rally price snapshots; limited price-history coverage.,0
rally_market_equal_weight,Equal-Weighted Rally Market Index,2021-04-01,100.0,,1,equal,all,Prototype index from local manual/imported Rally price snapshots; limited price-history coverage.,0
rally_market_equal_weight,Equal-Weighted Rally Market Index,2021-04-06,100.0,,1,equal,all,Prototype index from local manual/imported Rally price snapshots; limited price-history coverage.,0
rally_market_equal_weight,Equal-Weighted Rally Market Index,2021-04-13,100.0,,5,equal,all,Prototype index from local manual/imported Rally price snapshots; limited price-history coverage.,0
rally_market_equal_weight,Equal-Weighted Rally Market Index,2021-04-15,100.0,,2,equal,all,Prototype index from local manual/imported Rally price snapshots; limited price-history coverage.,0
rally_market_equal_weight,Equal-Weighted Rally Market Index,2021-04-20,100.0,,1,equal,all,Prototype index from local manual/imported Rally price snapshots; limited price-history coverage.,0
rally_market_equal_weight,Equal-Weighted Rally Market Index,2021-04-22,100.0,,2,equal,all,Prototype index from local manual/imported Rally price snapshots; limited price-history coverage.,0
rally_market_equal_weight,Equal-Weighted Rally Market Index,2021-04-29,100.0,,1,equal,all,Prototype index from local manual/imported Rally price snapshots; limited price-history coverage.,0
rally_market_equal_weight,Equal-Weighted Rally Market Index,2021-05-04,100.0,,1,equal,all,Prototype index from local manual/imported Rally price snapshots; limited price-history coverage.,0
rally_market_equal_weight,Equal-Weighted Rally Market Index,2021-05-10,100.0,,1,equal,all,Prototype index from local manual/imported Rally price snapshots; limited price-history coverage.,0
rally_market_equal_weight,Equal-Weighted Rally Market Index,2021-05-11,100.0,,1,equal,all,Prototype index from local manual/imported Rally price snapshots; limited price-history coverage.,0
rally_market_equal_weight,Equal-Weighted Rally Market Index,2021-05-12,100.0,,1,equal,all,Prototype index from local manual/imported Rally price snapshots; limited price-history coverage.,0
rally_market_equal_weight,Equal-Weighted Rally Market Index,2021-05-13,100.0,,1,equal,all,Prototype index from local manual/imported Rally price snapshots; limited price-history coverage.,0
rally_market_equal_weight,Equal-Weighted Rally Market Index,2021-05-19,100.0,,1,equal,all,Prototype index from local manual/imported Rally price snapshots; limited price-history coverage.,0
rally_market_equal_weight,Equal-Weighted Rally Market Index,2021-05-21,100.0,,1,equal,all,Prototype index from local manual/imported Rally price snapshots; limited price-history coverage.,0
rally_market_equal_weight,Equal-Weighted Rally Market Index,2021-05-24,100.0,,1,equal,all,Prototype index from local manual/imported Rally price snapshots; limited price-history coverage.,0
rally_market_equal_weight,Equal-Weighted Rally Market Index,2021-05-25,100.0,,1,equal,all,Prototype index from local manual/imported Rally price snapshots; limited price-history coverage.,0
rally_market_equal_weight,Equal-Weighted Rally Market Index,2021-05-28,100.0,,1,equal,all,Prototype index from local manual/imported Rally price snapshots; limited price-history coverage.,0
rally_market_equal_weight,Equal-Weighted Rally Market Index,2021-05-31,100.0,,1,equal,all,Prototype index from local manual/imported Rally price snapshots; limited price-history coverage.,0
rally_market_equal_weight,Equal-Weighted Rally Market Index,2021-06-01,100.0,,1,equal,all,Prototype index from local manual/imported Rally price snapshots; limited price-history coverage.,0
rally_market_equal_weight,Equal-Weighted Rally Market Index,2021-06-07,100.0,,1,equal,all,Prototype index from local manual/imported Rally price snapshots; limited price-history coverage.,0
rally_market_equal_weight,Equal-Weighted Rally Market Index,2021-06-11,100.0,,1,equal,all,Prototype index from local manual/imported Rally price snapshots; limited price-history coverage.,0
rally_market_equal_weight,Equal-Weighted Rally Market Index,2021-06-16,100.0,,1,equal,all,Prototype index from local manual/imported Rally price snapshots; limited price-history coverage.,0
rally_market_equal_weight,Equal-Weighted Rally Market Index,2021-06-17,100.0,,1,equal,all,Prototype index from local manual/imported Rally price snapshots; limited price-history coverage.,0
rally_market_equal_weight,Equal-Weighted Rally Market Index,2021-06-18,100.0,,1,equal,all,Prototype index from local manual/imported Rally price snapshots; limited price-history coverage.,0
rally_market_equal_weight,Equal-Weighted Rally Market Index,2021-06-21,100.0,,1,equal,all,Prototype index from local manual/imported Rally price snapshots; limited price-history coverage.,0
rally_market_equal_weight,Equal-Weighted Rally Market Index,2021-06-23,100.0,,1,equal,all,Prototype index from local manual/imported Rally price snapshots; limited price-history coverage.,0
rally_market_equal_weight,Equal-Weighted Rally Market Index,2021-06-25,100.0,,1,equal,all,Prototype index from local manual/imported Rally price snapshots; limited price-history coverage.,0
rally_market_equal_weight,Equal-Weighted Rally Market Index,2021-06-28,100.0,,1,equal,all,Prototype index from local manual/imported Rally price snapshots; limited price-history coverage.,0
rally_market_equal_weight,Equal-Weighted Rally Market Index,2021-07-07,100.0,,1,equal,all,Prototype index from local manual/imported Rally price snapshots; limited price-history coverage.,0
rally_market_equal_weight,Equal-Weighted Rally Market Index,2021-07-08,100.0,,1,equal,all,Prototype index from local manual/imported Rally price snapshots; limited price-history coverage.,0
rally_market_equal_weight,Equal-Weighted Rally Market Index,2021-07-14,100.0,,1,equal,all,Prototype index from local manual/imported Rally price snapshots; limited price-history coverage.,0
rally_market_equal_weight,Equal-Weighted Rally Market Index,2021-07-16,100.0,,1,equal,all,Prototype index from local manual/imported Rally price snapshots; limited price-history coverage.,0
rally_market_equal_weight,Equal-Weighted Rally Market Index,2021-07-20,100.0,,2,equal,all,Prototype index from local manual/imported Rally price snapshots; limited price-history coverage.,0
rally_market_equal_weight,Equal-Weighted Rally Market Index,2021-07-23,100.0,,1,equal,all,Prototype index from local manual/imported Rally price snapshots; limited price-history coverage.,0
rally_market_equal_weight,Equal-Weighted Rally Market Index,2021-07-26,100.0,,1,equal,all,Prototype index from local manual/imported Rally price snapshots; limited price-history coverage.,0
rally_market_equal_weight,Equal-Weighted Rally Market Index,2021-07-27,100.0,,1,equal,all,Prototype index from local manual/imported Rally price snapshots; limited price-history coverage.,0
rally_market_equal_weight,Equal-Weighted Rally Market Index,2021-07-30,100.0,,1,equal,all,Prototype index from local manual/imported Rally price snapshots; limited price-history coverage.,0
rally_market_equal_weight,Equal-Weighted Rally Market Index,2021-08-04,100.0,,1,equal,all,Prototype index from local manual/imported Rally price snapshots; limited price-history coverage.,0
rally_market_equal_weight,Equal-Weighted Rally Market Index,2021-08-05,100.0,,1,equal,all,Prototype index from local manual/imported Rally price snapshots; limited price-history coverage.,0
rally_market_equal_weight,Equal-Weighted Rally Market Index,2021-08-06,100.0,,1,equal,all,Prototype index from local manual/imported Rally price snapshots; limited price-history coverage.,0
rally_market_equal_weight,Equal-Weighted Rally Market Index,2021-08-10,100.0,,2,equal,all,Prototype index from local manual/imported Rally price snapshots; limited price-history coverage.,0
rally_market_equal_weight,Equal-Weighted Rally Market Index,2021-08-13,100.0,,1,equal,all,Prototype index from local manual/imported Rally price snapshots; limited price-history coverage.,0
rally_market_equal_weight,Equal-Weighted Rally Market Index,2021-08-16,100.0,,1,equal,all,Prototype index from local manual/imported Rally price snapshots; limited price-history coverage.,0
rally_market_equal_weight,Equal-Weighted Rally Market Index,2021-08-17,100.0,,1,equal,all,Prototype index from local manual/imported Rally price snapshots; limited price-history coverage.,0
rally_market_equal_weight,Equal-Weighted Rally Market Index,2021-08-19,100.0,,1,equal,all,Prototype index from local manual/imported Rally price snapshots; limited price-history coverage.,0
rally_market_equal_weight,Equal-Weighted Rally Market Index,2021-08-20,100.0,,1,equal,all,Prototype index from local manual/imported Rally price snapshots; limited price-history coverage.,0
rally_market_equal_weight,Equal-Weighted Rally Market Index,2021-08-24,100.0,,1,equal,all,Prototype index from local manual/imported Rally price snapshots; limited price-history coverage.,0
rally_market_equal_weight,Equal-Weighted Rally Market Index,2021-08-25,100.0,,1,equal,all,Prototype index from local manual/imported Rally price snapshots; limited price-history coverage.,0
rally_market_equal_weight,Equal-Weighted Rally Market Index,2021-08-26,100.0,,1,equal,all,Prototype index from local manual/imported Rally price snapshots; limited price-history coverage.,0
rally_market_equal_weight,Equal-Weighted Rally Market Index,2021-08-27,100.0,,1,equal,all,Prototype index from local manual/imported Rally price snapshots; limited price-history coverage.,0
rally_market_equal_weight,Equal-Weighted Rally Market Index,2021-08-30,100.0,,1,equal,all,Prototype index from local manual/imported Rally price snapshots; limited price-history coverage.,0
rally_market_equal_weight,Equal-Weighted Rally Market Index,2021-09-03,100.0,,1,equal,all,Prototype index from local manual/imported Rally price snapshots; limited price-history coverage.,0
rally_market_equal_weight,Equal-Weighted Rally Market Index,2021-09-10,100.0,,1,equal,all,Prototype index from local manual/imported Rally price snapshots; limited price-history coverage.,0
rally_market_equal_weight,Equal-Weighted Rally Market Index,2021-09-13,100.0,,1,equal,all,Prototype index from local manual/imported Rally price snapshots; limited price-history coverage.,0
rally_market_equal_weight,Equal-Weighted Rally Market Index,2021-09-14,100.0,,1,equal,all,Prototype index from local manual/imported Rally price snapshots; limited price-history coverage.,0
rally_market_equal_weight,Equal-Weighted Rally Market Index,2021-09-15,100.0,,2,equal,all,Prototype index from local manual/imported Rally price snapshots; limited price-history coverage.,0
rally_market_equal_weight,Equal-Weighted Rally Market Index,2021-09-20,100.0,,1,equal,all,Prototype index from local manual/imported Rally price snapshots; limited price-history coverage.,0
rally_market_equal_weight,Equal-Weighted Rally Market Index,2021-09-21,100.0,,1,equal,all,Prototype index from local manual/imported Rally price snapshots; limited price-history coverage.,0
rally_market_equal_weight,Equal-Weighted Rally Market Index,2021-09-22,100.0,,1,equal,all,Prototype index from local manual/imported Rally price snapshots; limited price-history coverage.,0
rally_market_equal_weight,Equal-Weighted Rally Market Index,2021-09-24,100.0,,1,equal,all,Prototype index from local manual/imported Rally price snapshots; limited price-history coverage.,0
rally_market_equal_weight,Equal-Weighted Rally Market Index,2021-09-27,100.0,,1,equal,all,Prototype index from local manual/imported Rally price snapshots; limited price-history coverage.,0
rally_market_equal_weight,Equal-Weighted Rally Market Index,2021-09-28,100.0,,1,equal,all,Prototype index from local manual/imported Rally price snapshots; limited price-history coverage.,0
rally_market_equal_weight,Equal-Weighted Rally Market Index,2021-09-30,100.0,,2,equal,all,Prototype index from local manual/imported Rally price snapshots; limited price-history coverage.,0
rally_market_equal_weight,Equal-Weighted Rally Market Index,2021-10-04,100.0,,1,equal,all,Prototype index from local manual/imported Rally price snapshots; limited price-history coverage.,0
rally_market_equal_weight,Equal-Weighted Rally Market Index,2021-10-05,100.0,,1,equal,all,Prototype index from local manual/imported Rally price snapshots; limited price-history coverage.,0
rally_market_equal_weight,Equal-Weighted Rally Market Index,2021-10-15,100.0,,1,equal,all,Prototype index from local manual/imported Rally price snapshots; limited price-history coverage.,0
rally_market_equal_weight,Equal-Weighted Rally Market Index,2021-10-18,100.0,,1,equal,all,Prototype index from local manual/imported Rally price snapshots; limited price-history coverage.,0
rally_market_equal_weight,Equal-Weighted Rally Market Index,2021-10-21,100.0,,1,equal,all,Prototype index from local manual/imported Rally price snapshots; limited price-history coverage.,0
rally_market_equal_weight,Equal-Weighted Rally Market Index,2021-10-22,100.0,,1,equal,all,Prototype index from local manual/imported Rally price snapshots; limited price-history coverage.,0
rally_market_equal_weight,Equal-Weighted Rally Market Index,2021-10-28,100.0,,1,equal,all,Prototype index from local manual/imported Rally price snapshots; limited price-history coverage.,0
rally_market_equal_weight,Equal-Weighted Rally Market Index,2021-10-29,100.0,,1,equal,all,Prototype index from local manual/imported Rally price snapshots; limited price-history coverage.,0
rally_market_equal_weight,Equal-Weighted Rally Market Index,2021-11-01,100.0,,2,equal,all,Prototype index from local manual/imported Rally price snapshots; limited price-history coverage.,0
rally_market_equal_weight,Equal-Weighted Rally Market Index,2021-11-03,100.0,,1,equal,all,Prototype index from local manual/imported Rally price snapshots; limited price-history coverage.,0
rally_market_equal_weight,Equal-Weighted Rally Market Index,2021-11-10,100.0,,1,equal,all,Prototype index from local manual/imported Rally price snapshots; limited price-history coverage.,0
rally_market_equal_weight,Equal-Weighted Rally Market Index,2021-11-11,100.0,,1,equal,all,Prototype index from local manual/imported Rally price snapshots; limited price-history coverage.,0
rally_market_equal_weight,Equal-Weighted Rally Market Index,2021-11-15,100.0,,1,equal,all,Prototype index from local manual/imported Rally price snapshots; limited price-history coverage.,0
rally_market_equal_weight,Equal-Weighted Rally Market Index,2021-11-17,100.0,,1,equal,all,Prototype index from local manual/imported Rally price snapshots; limited price-history coverage.,0
rally_market_equal_weight,Equal-Weighted Rally Market Index,2021-12-20,100.0,,1,equal,all,Prototype index from local manual/imported Rally price snapshots; limited price-history coverage.,0
rally_market_equal_weight,Equal-Weighted Rally Market Index,2021-12-28,100.0,,1,equal,all,Prototype index from local manual/imported Rally price snapshots; limited price-history coverage.,0
rally_market_equal_weight,Equal-Weighted Rally Market Index,2021-12-30,100.0,,1,equal,all,Prototype index from local manual/imported Rally price snapshots; limited price-history coverage.,0
rally_market_equal_weight,Equal-Weighted Rally Market Index,2021-12-31,100.0,,1,equal,all,Prototype index from local manual/imported Rally price snapshots; limited price-history coverage.,0
rally_market_equal_weight,Equal-Weighted Rally Market Index,2022-01-03,100.0,,3,equal,all,Prototype index from local manual/imported Rally price snapshots; limited price-history coverage.,0
rally_market_equal_weight,Equal-Weighted Rally Market Index,2022-01-10,100.0,,7,equal,all,Prototype index from local manual/imported Rally price snapshots; limited price-history coverage.,0
rally_market_equal_weight,Equal-Weighted Rally Market Index,2022-01-18,100.0,,2,equal,all,Prototype index from local manual/imported Rally price snapshots; limited price-history coverage.,0
rally_market_equal_weight,Equal-Weighted Rally Market Index,2022-01-24,100.0,,4,equal,all,Prototype index from local manual/imported Rally price snapshots; limited price-history coverage.,0
rally_market_equal_weight,Equal-Weighted Rally Market Index,2022-01-31,100.0,,4,equal,all,Prototype index from local manual/imported Rally price snapshots; limited price-history coverage.,0
rally_market_equal_weight,Equal-Weighted Rally Market Index,2022-02-07,100.0,,3,equal,all,Prototype index from local manual/imported Rally price snapshots; limited price-history coverage.,0
rally_market_equal_weight,Equal-Weighted Rally Market Index,2022-02-14,100.0,,1,equal,all,Prototype index from local manual/imported Rally price snapshots; limited price-history coverage.,0
rally_market_equal_weight,Equal-Weighted Rally Market Index,2022-02-22,100.0,,1,equal,all,Prototype index from local manual/imported Rally price snapshots; limited price-history coverage.,0
rally_market_equal_weight,Equal-Weighted Rally Market Index,2022-03-07,100.0,,1,equal,all,Prototype index from local manual/imported Rally price snapshots; limited price-history coverage.,0
rally_market_equal_weight,Equal-Weighted Rally Market Index,2022-03-25,100.0,,6,equal,all,Prototype index from local manual/imported Rally price snapshots; limited price-history coverage.,0
rally_market_equal_weight,Equal-Weighted Rally Market Index,2022-03-28,100.0,,15,equal,all,Prototype index from local manual/imported Rally price snapshots; limited price-history coverage.,0
rally_market_equal_weight,Equal-Weighted Rally Market Index,2022-03-29,100.0,,10,equal,all,Prototype index from local manual/imported Rally price snapshots; limited price-history coverage.,0
rally_market_equal_weight,Equal-Weighted Rally Market Index,2022-03-30,100.0,,7,equal,all,Prototype index from local manual/imported Rally price snapshots; limited price-history coverage.,0
rally_market_equal_weight,Equal-Weighted Rally Market Index,2022-03-31,100.0,,8,equal,all,Prototype index from local manual/imported Rally price snapshots; limited price-history coverage.,0
rally_market_equal_weight,Equal-Weighted Rally Market Index,2022-04-11,100.0,,1,equal,all,Prototype index from local manual/imported Rally price snapshots; limited price-history coverage.,0
rally_market_equal_weight,Equal-Weighted Rally Market Index,2022-06-24,100.0,,5,equal,all,Prototype index from local manual/imported Rally price snapshots; limited price-history coverage.,0
rally_market_equal_weight,Equal-Weighted Rally Market Index,2022-06-27,100.0,,21,equal,all,Prototype index from local manual/imported Rally price snapshots; limited price-history coverage.,0
rally_market_equal_weight,Equal-Weighted Rally Market Index,2022-06-28,100.0,,3,equal,all,Prototype index from local manual/imported Rally price snapshots; limited price-history coverage.,0
rally_market_equal_weight,Equal-Weighted Rally Market Index,2022-06-29,100.0,,9,equal,all,Prototype index from local manual/imported Rally price snapshots; limited price-history coverage.,0
rally_market_equal_weight,Equal-Weighted Rally Market Index,2022-06-30,100.0,,12,equal,all,Prototype index from local manual/imported Rally price snapshots; limited price-history coverage.,0
rally_market_equal_weight,Equal-Weighted Rally Market Index,2022-09-26,96.040724,-0.039592760180995445,12,equal,all,Prototype index from local manual/imported Rally price snapshots; limited price-history coverage.,0
rally_market_equal_weight,Equal-Weighted Rally Market Index,2022-09-27,96.040724,,8,equal,all,Prototype index from local manual/imported Rally price snapshots; limited price-history coverage.,0
rally_market_equal_weight,Equal-Weighted Rally Market Index,2022-09-28,96.040724,,10,equal,all,Prototype index from local manual/imported Rally price snapshots; limited price-history coverage.,0
rally_market_equal_weight,Equal-Weighted Rally Market Index,2022-09-29,96.040724,,9,equal,all,Prototype index from local manual/imported Rally price snapshots; limited price-history coverage.,0
rally_market_equal_weight,Equal-Weighted Rally Market Index,2022-09-30,96.040724,,12,equal,all,Prototype index from local manual/imported Rally price snapshots; limited price-history coverage.,0
rally_market_equal_weight,Equal-Weighted Rally Market Index,2022-10-03,96.040724,,1,equal,all,Prototype index from local manual/imported Rally price snapshots; limited price-history coverage.,0
rally_market_equal_weight,Equal-Weighted Rally Market Index,2022-10-10,96.040724,,1,equal,all,Prototype index from local manual/imported Rally price snapshots; limited price-history coverage.,0
rally_market_equal_weight,Equal-Weighted Rally Market Index,2022-10-17,96.040724,,1,equal,all,Prototype index from local manual/imported Rally price snapshots; limited price-history coverage.,0
rally_market_equal_weight,Equal-Weighted Rally Market Index,2022-12-27,96.040724,,14,equal,all,Prototype index from local manual/imported Rally price snapshots; limited price-history coverage.,0
rally_market_equal_weight,Equal-Weighted Rally Market Index,2022-12-28,96.040724,,9,equal,all,Prototype index from local manual/imported Rally price snapshots; limited price-history coverage.,0
rally_market_equal_weight,Equal-Weighted Rally Market Index,2022-12-29,96.040724,,11,equal,all,Prototype index from local manual/imported Rally price snapshots; limited price-history coverage.,0
rally_market_equal_weight,Equal-Weighted Rally Market Index,2022-12-30,96.040724,,25,equal,all,Prototype index from local manual/imported Rally price snapshots; limited price-history coverage.,0
rally_market_equal_weight,Equal-Weighted Rally Market Index,2023-03-13,96.040724,,1,equal,all,Prototype index from local manual/imported Rally price snapshots; limited price-history coverage.,0
rally_market_equal_weight,Equal-Weighted Rally Market Index,2023-03-24,96.040724,,1,equal,all,Prototype index from local manual/imported Rally price snapshots; limited price-history coverage.,0
rally_market_equal_weight,Equal-Weighted Rally Market Index,2023-03-27,96.040724,,11,equal,all,Prototype index from local manual/imported Rally price snapshots; limited price-history coverage.,0
rally_market_equal_weight,Equal-Weighted Rally Market Index,2023-03-28,96.040724,,9,equal,all,Prototype index from local manual/imported Rally price snapshots; limited price-history coverage.,0
rally_market_equal_weight,Equal-Weighted Rally Market Index,2023-03-29,96.040724,,9,equal,all,Prototype index from local manual/imported Rally price snapshots; limited price-history coverage.,0
rally_market_equal_weight,Equal-Weighted Rally Market Index,2023-03-30,96.040724,,12,equal,all,Prototype index from local manual/imported Rally price snapshots; limited price-history coverage.,0
rally_market_equal_weight,Equal-Weighted Rally Market Index,2023-03-31,96.040724,,18,equal,all,Prototype index from local manual/imported Rally price snapshots; limited price-history coverage.,0
rally_market_equal_weight,Equal-Weighted Rally Market Index,2023-06-26,107.354923,0.11780626780626782,10,equal,all,Prototype index from local manual/imported Rally price snapshots; limited price-history coverage.,0
rally_market_equal_weight,Equal-Weighted Rally Market Index,2023-06-27,107.354923,,9,equal,all,Prototype index from local manual/imported Rally price snapshots; limited price-history coverage.,0
rally_market_equal_weight,Equal-Weighted Rally Market Index,2023-06-28,107.354923,,8,equal,all,Prototype index from local manual/imported Rally price snapshots; limited price-history coverage.,0
rally_market_equal_weight,Equal-Weighted Rally Market Index,2023-06-29,107.354923,,14,equal,all,Prototype index from local manual/imported Rally price snapshots; limited price-history coverage.,0
rally_market_equal_weight,Equal-Weighted Rally Market Index,2023-06-30,107.354923,,19,equal,all,Prototype index from local manual/imported Rally price snapshots; limited price-history coverage.,0
rally_market_equal_weight,Equal-Weighted Rally Market Index,2023-09-25,110.422207,0.028571428571428692,5,equal,all,Prototype index from local manual/imported Rally price snapshots; limited price-history coverage.,0
rally_market_equal_weight,Equal-Weighted Rally Market Index,2023-09-26,110.422207,,13,equal,all,Prototype index from local manual/imported Rally price snapshots; limited price-history coverage.,0
rally_market_equal_weight,Equal-Weighted Rally Market Index,2023-09-27,110.422207,,9,equal,all,Prototype index from local manual/imported Rally price snapshots; limited price-history coverage.,0
rally_market_equal_weight,Equal-Weighted Rally Market Index,2023-09-28,110.422207,,14,equal,all,Prototype index from local manual/imported Rally price snapshots; limited price-history coverage.,0
rally_market_equal_weight,Equal-Weighted Rally Market Index,2023-09-29,110.422207,,19,equal,all,Prototype index from local manual/imported Rally price snapshots; limited price-history coverage.,0
rally_market_equal_weight,Equal-Weighted Rally Market Index,2023-12-26,131.126371,0.1875,2,equal,all,Prototype index from local manual/imported Rally price snapshots; limited price-history coverage.,0
rally_market_equal_weight,Equal-Weighted Rally Market Index,2023-12-27,131.126371,,3,equal,all,Prototype index from local manual/imported Rally price snapshots; limited price-history coverage.,0
rally_market_equal_weight,Equal-Weighted Rally Market Index,2023-12-28,131.126371,,9,equal,all,Prototype index from local manual/imported Rally price snapshots; limited price-history coverage.,0
rally_market_equal_weight,Equal-Weighted Rally Market Index,2023-12-29,131.126371,,45,equal,all,Prototype index from local manual/imported Rally price snapshots; limited price-history coverage.,0
rally_market_equal_weight,Equal-Weighted Rally Market Index,2024-03-22,149.93353,0.14342774146695714,2,equal,all,Prototype index from local manual/imported Rally price snapshots; limited price-history coverage.,0
rally_market_equal_weight,Equal-Weighted Rally Market Index,2024-03-25,149.93353,,13,equal,all,Prototype index from local manual/imported Rally price snapshots; limited price-history coverage.,0
rally_market_equal_weight,Equal-Weighted Rally Market Index,2024-03-26,149.93353,,10,equal,all,Prototype index from local manual/imported Rally price snapshots; limited price-history coverage.,0
rally_market_equal_weight,Equal-Weighted Rally Market Index,2024-03-27,149.93353,,7,equal,all,Prototype index from local manual/imported Rally price snapshots; limited price-history coverage.,0
rally_market_equal_weight,Equal-Weighted Rally Market Index,2024-03-28,149.93353,,27,equal,all,Prototype index from local manual/imported Rally price snapshots; limited price-history coverage.,0
rally_market_equal_weight,Equal-Weighted Rally Market Index,2024-06-21,149.93353,,1,equal,all,Prototype index from local manual/imported Rally price snapshots; limited price-history coverage.,0
rally_market_equal_weight,Equal-Weighted Rally Market Index,2024-06-24,149.93353,,14,equal,all,Prototype index from local manual/imported Rally price snapshots; limited price-history coverage.,0
rally_market_equal_weight,Equal-Weighted Rally Market Index,2024-06-25,149.93353,,7,equal,all,Prototype index from local manual/imported Rally price snapshots; limited price-history coverage.,0
rally_market_equal_weight,Equal-Weighted Rally Market Index,2024-06-26,149.93353,,11,equal,all,Prototype index from local manual/imported Rally price snapshots; limited price-history coverage.,0
rally_market_equal_weight,Equal-Weighted Rally Market Index,2024-06-27,149.93353,,10,equal,all,Prototype index from local manual/imported Rally price snapshots; limited price-history coverage.,0
rally_market_equal_weight,Equal-Weighted Rally Market Index,2024-06-28,149.93353,,16,equal,all,Prototype index from local manual/imported Rally price snapshots; limited price-history coverage.,0
rally_market_equal_weight,Equal-Weighted Rally Market Index,2024-09-23,149.93353,,1,equal,all,Prototype index from local manual/imported Rally price snapshots; limited price-history coverage.,0
rally_market_equal_weight,Equal-Weighted Rally Market Index,2024-09-24,149.93353,,3,equal,all,Prototype index from local manual/imported Rally price snapshots; limited price-history coverage.,0
rally_market_equal_weight,Equal-Weighted Rally Market Index,2024-09-25,149.93353,,11,equal,all,Prototype index from local manual/imported Rally price snapshots; limited price-history coverage.,0
rally_market_equal_weight,Equal-Weighted Rally Market Index,2024-09-26,149.93353,,9,equal,all,Prototype index from local manual/imported Rally price snapshots; limited price-history coverage.,0
rally_market_equal_weight,Equal-Weighted Rally Market Index,2024-09-27,149.93353,,18,equal,all,Prototype index from local manual/imported Rally price snapshots; limited price-history coverage.,0
rally_market_equal_weight,Equal-Weighted Rally Market Index,2024-09-30,149.93353,,17,equal,all,Prototype index from local manual/imported Rally price snapshots; limited price-history coverage.,0
rally_market_equal_weight,Equal-Weighted Rally Market Index,2024-12-24,149.93353,,2,equal,all,Prototype index from local manual/imported Rally price snapshots; limited price-history coverage.,0
rally_market_equal_weight,Equal-Weighted Rally Market Index,2024-12-26,149.93353,,7,equal,all,Prototype index from local manual/imported Rally price snapshots; limited price-history coverage.,0
rally_market_equal_weight,Equal-Weighted Rally Market Index,2024-12-27,149.93353,,16,equal,all,Prototype index from local manual/imported Rally price snapshots; limited price-history coverage.,0
rally_market_equal_weight,Equal-Weighted Rally Market Index,2024-12-30,149.93353,,22,equal,all,Prototype index from local manual/imported Rally price snapshots; limited price-history coverage.,0
rally_market_equal_weight,Equal-Weighted Rally Market Index,2024-12-31,149.93353,,11,equal,all,Prototype index from local manual/imported Rally price snapshots; limited price-history coverage.,0
rally_market_equal_weight,Equal-Weighted Rally Market Index,2025-03-24,149.93353,,2,equal,all,Prototype index from local manual/imported Rally price snapshots; limited price-history coverage.,0
rally_market_equal_weight,Equal-Weighted Rally Market Index,2025-03-25,149.93353,,1,equal,all,Prototype index from local manual/imported Rally price snapshots; limited price-history coverage.,0
rally_market_equal_weight,Equal-Weighted Rally Market Index,2025-03-26,149.93353,,6,equal,all,Prototype index from local manual/imported Rally price snapshots; limited price-history coverage.,0
rally_market_equal_weight,Equal-Weighted Rally Market Index,2025-03-27,149.93353,,9,equal,all,Prototype index from local manual/imported Rally price snapshots; limited price-history coverage.,0
rally_market_equal_weight,Equal-Weighted Rally Market Index,2025-03-28,149.93353,,18,equal,all,Prototype index from local manual/imported Rally price snapshots; limited price-history coverage.,0
rally_market_equal_weight,Equal-Weighted Rally Market Index,2025-03-31,149.93353,,22,equal,all,Prototype index from local manual/imported Rally price snapshots; limited price-history coverage.,0
rally_market_equal_weight,Equal-Weighted Rally Market Index,2025-06-24,192.771681,0.2857142857142858,5,equal,all,Prototype index from local manual/imported Rally price snapshots; limited price-history coverage.,0
rally_market_equal_weight,Equal-Weighted Rally Market Index,2025-06-25,192.771681,,8,equal,all,Prototype index from local manual/imported Rally price snapshots; limited price-history coverage.,0
rally_market_equal_weight,Equal-Weighted Rally Market Index,2025-06-26,192.771681,,4,equal,all,Prototype index from local manual/imported Rally price snapshots; limited price-history coverage.,0
rally_market_equal_weight,Equal-Weighted Rally Market Index,2025-06-27,192.771681,,23,equal,all,Prototype index from local manual/imported Rally price snapshots; limited price-history coverage.,0
rally_market_equal_weight,Equal-Weighted Rally Market Index,2025-06-30,192.771681,,15,equal,all,Prototype index from local manual/imported Rally price snapshots; limited price-history coverage.,0
rally_market_equal_weight,Equal-Weighted Rally Market Index,2025-09-24,192.771681,,2,equal,all,Prototype index from local manual/imported Rally price snapshots; limited price-history coverage.,0
rally_market_equal_weight,Equal-Weighted Rally Market Index,2025-09-25,192.771681,,7,equal,all,Prototype index from local manual/imported Rally price snapshots; limited price-history coverage.,0
rally_market_equal_weight,Equal-Weighted Rally Market Index,2025-09-26,192.771681,,20,equal,all,Prototype index from local manual/imported Rally price snapshots; limited price-history coverage.,0
rally_market_equal_weight,Equal-Weighted Rally Market Index,2025-09-29,192.771681,,19,equal,all,Prototype index from local manual/imported Rally price snapshots; limited price-history coverage.,0
rally_market_equal_weight,Equal-Weighted Rally Market Index,2025-09-30,192.771681,,7,equal,all,Prototype index from local manual/imported Rally price snapshots; limited price-history coverage.,0
rally_market_equal_weight,Equal-Weighted Rally Market Index,2025-10-01,192.771681,,1,equal,all,Prototype index from local manual/imported Rally price snapshots; limited price-history coverage.,0
rally_market_equal_weight,Equal-Weighted Rally Market Index,2025-12-26,192.450395,-0.0016666666666667052,13,equal,all,Prototype index from local manual/imported Rally price snapshots; limited price-history coverage.,0
rally_market_equal_weight,Equal-Weighted Rally Market Index,2025-12-29,192.450395,,12,equal,all,Prototype index from local manual/imported Rally price snapshots; limited price-history coverage.,0
rally_market_equal_weight,Equal-Weighted Rally Market Index,2025-12-30,192.450395,,16,equal,all,Prototype index from local manual/imported Rally price snapshots; limited price-history coverage.,0
rally_market_equal_weight,Equal-Weighted Rally Market Index,2025-12-31,192.450395,,15,equal,all,Prototype index from local manual/imported Rally price snapshots; limited price-history coverage.,0
rally_market_equal_weight,Equal-Weighted Rally Market Index,2026-03-24,192.450395,,1,equal,all,Prototype index from local manual/imported Rally price snapshots; limited price-history coverage.,0
rally_market_equal_weight,Equal-Weighted Rally Market Index,2026-03-25,192.450395,,4,equal,all,Prototype index from local manual/imported Rally price snapshots; limited price-history coverage.,0
rally_market_equal_weight,Equal-Weighted Rally Market Index,2026-03-26,192.450395,,8,equal,all,Prototype index from local manual/imported Rally price snapshots; limited price-history coverage.,0
rally_market_equal_weight,Equal-Weighted Rally Market Index,2026-03-27,192.450395,,18,equal,all,Prototype index from local manual/imported Rally price snapshots; limited price-history coverage.,0
rally_market_equal_weight,Equal-Weighted Rally Market Index,2026-03-30,192.450395,,17,equal,all,Prototype index from local manual/imported Rally price snapshots; limited price-history coverage.,0
rally_market_equal_weight,Equal-Weighted Rally Market Index,2026-03-31,192.450395,,8,equal,all,Prototype index from local manual/imported Rally price snapshots; limited price-history coverage.,0
rally_market_equal_weight,Equal-Weighted Rally Market Index,2026-06-22,192.450395,,1,equal,all,Prototype index from local manual/imported Rally price snapshots; limited price-history coverage.,0
rally_market_equal_weight,Equal-Weighted Rally Market Index,2026-06-24,192.450395,,4,equal,all,Prototype index from local manual/imported Rally price snapshots; limited price-history coverage.,0
rally_market_equal_weight,Equal-Weighted Rally Market Index,2026-06-25,192.450395,,5,equal,all,Prototype index from local manual/imported Rally price snapshots; limited price-history coverage.,0
rally_market_equal_weight,Equal-Weighted Rally Market Index,2026-06-26,192.450395,,18,equal,all,Prototype index from local manual/imported Rally price snapshots; limited price-history coverage.,0
rally_market_equal_weight,Equal-Weighted Rally Market Index,2026-06-29,192.450395,,19,equal,all,Prototype index from local manual/imported Rally price snapshots; limited price-history coverage.,0
rally_market_equal_weight,Equal-Weighted Rally Market Index,2026-06-30,192.450395,,8,equal,all,Prototype index from local manual/imported Rally price snapshots; limited price-history coverage.,0
rally_market_equal_weight,Equal-Weighted Rally Market Index,2026-07-01,192.450395,,1,equal,all,Prototype index from local manual/imported Rally price snapshots; limited price-history coverage.,0
rally_market_equal_weight,Equal-Weighted Rally Market Index,2026-07-08,192.450395,,1,equal,all,Prototype index from local manual/imported Rally price snapshots; limited price-history coverage.,0
rally_market_equal_weight,Equal-Weighted Rally Market Index,2026-07-09,192.450395,,1,equal,all,Prototype index from local manual/imported Rally price snapshots; limited price-history coverage.,0
rally_market_equal_weight,Equal-Weighted Rally Market Index,2026-07-22,192.450395,,1,equal,all,Prototype index from local manual/imported Rally price snapshots; limited price-history coverage.,0
rally_market_equal_weight,Equal-Weighted Rally Market Index,2026-07-23,192.450395,,2,equal,all,Prototype index from local manual/imported Rally price snapshots; limited price-history coverage.,0
rally_market_market_cap_weight,Market-Cap-Weighted Rally Market Index,2020-03-17,100.0,,1,market_cap,all,Prototype index from local manual/imported Rally price snapshots; limited price-history coverage.,0
rally_market_market_cap_weight,Market-Cap-Weighted Rally Market Index,2020-04-28,100.0,,1,market_cap,all,Prototype index from local manual/imported Rally price snapshots; limited price-history coverage.,0
rally_market_market_cap_weight,Market-Cap-Weighted Rally Market Index,2020-05-05,100.0,,1,market_cap,all,Prototype index from local manual/imported Rally price snapshots; limited price-history coverage.,0
rally_market_market_cap_weight,Market-Cap-Weighted Rally Market Index,2020-05-12,100.0,,1,market_cap,all,Prototype index from local manual/imported Rally price snapshots; limited price-history coverage.,0
rally_market_market_cap_weight,Market-Cap-Weighted Rally Market Index,2020-06-02,100.0,,1,market_cap,all,Prototype index from local manual/imported Rally price snapshots; limited price-history coverage.,0
rally_market_market_cap_weight,Market-Cap-Weighted Rally Market Index,2020-06-09,100.0,,1,market_cap,all,Prototype index from local manual/imported Rally price snapshots; limited price-history coverage.,0
rally_market_market_cap_weight,Market-Cap-Weighted Rally Market Index,2020-06-30,100.0,,1,market_cap,all,Prototype index from local manual/imported Rally price snapshots; limited price-history coverage.,0
rally_market_market_cap_weight,Market-Cap-Weighted Rally Market Index,2020-08-04,100.0,,1,market_cap,all,Prototype index from local manual/imported Rally price snapshots; limited price-history coverage.,0
rally_market_market_cap_weight,Market-Cap-Weighted Rally Market Index,2020-08-11,100.0,,1,market_cap,all,Prototype index from local manual/imported Rally price snapshots; limited price-history coverage.,0
rally_market_market_cap_weight,Market-Cap-Weighted Rally Market Index,2020-08-18,100.0,,1,market_cap,all,Prototype index from local manual/imported Rally price snapshots; limited price-history coverage.,0
rally_market_market_cap_weight,Market-Cap-Weighted Rally Market Index,2020-09-15,100.0,,3,market_cap,all,Prototype index from local manual/imported Rally price snapshots; limited price-history coverage.,0
rally_market_market_cap_weight,Market-Cap-Weighted Rally Market Index,2020-09-29,100.0,,1,market_cap,all,Prototype index from local manual/imported Rally price snapshots; limited price-history coverage.,0
rally_market_market_cap_weight,Market-Cap-Weighted Rally Market Index,2020-10-13,100.0,,1,market_cap,all,Prototype index from local manual/imported Rally price snapshots; limited price-history coverage.,0
rally_market_market_cap_weight,Market-Cap-Weighted Rally Market Index,2020-10-20,100.0,,1,market_cap,all,Prototype index from local manual/imported Rally price snapshots; limited price-history coverage.,0
rally_market_market_cap_weight,Market-Cap-Weighted Rally Market Index,2020-11-05,100.0,,1,market_cap,all,Prototype index from local manual/imported Rally price snapshots; limited price-history coverage.,0
rally_market_market_cap_weight,Market-Cap-Weighted Rally Market Index,2020-11-10,100.0,,1,market_cap,all,Prototype index from local manual/imported Rally price snapshots; limited price-history coverage.,0
rally_market_market_cap_weight,Market-Cap-Weighted Rally Market Index,2020-11-17,100.0,,2,market_cap,all,Prototype index from local manual/imported Rally price snapshots; limited price-history coverage.,0
rally_market_market_cap_weight,Market-Cap-Weighted Rally Market Index,2020-11-24,100.0,,1,market_cap,all,Prototype index from local manual/imported Rally price snapshots; limited price-history coverage.,0
rally_market_market_cap_weight,Market-Cap-Weighted Rally Market Index,2020-12-01,100.0,,2,market_cap,all,Prototype index from local manual/imported Rally price snapshots; limited price-history coverage.,0
rally_market_market_cap_weight,Market-Cap-Weighted Rally Market Index,2020-12-15,100.0,,3,market_cap,all,Prototype index from local manual/imported Rally price snapshots; limited price-history coverage.,0
rally_market_market_cap_weight,Market-Cap-Weighted Rally Market Index,2020-12-22,100.0,,3,market_cap,all,Prototype index from local manual/imported Rally price snapshots; limited price-history coverage.,0
rally_market_market_cap_weight,Market-Cap-Weighted Rally Market Index,2020-12-29,100.0,,1,market_cap,all,Prototype index from local manual/imported Rally price snapshots; limited price-history coverage.,0
rally_market_market_cap_weight,Market-Cap-Weighted Rally Market Index,2020-12-30,100.0,,1,market_cap,all,Prototype index from local manual/imported Rally price snapshots; limited price-history coverage.,0
rally_market_market_cap_weight,Market-Cap-Weighted Rally Market Index,2021-01-05,100.0,,3,market_cap,all,Prototype index from local manual/imported Rally price snapshots; limited price-history coverage.,0
rally_market_market_cap_weight,Market-Cap-Weighted Rally Market Index,2021-01-14,100.0,,1,market_cap,all,Prototype index from local manual/imported Rally price snapshots; limited price-history coverage.,0
rally_market_market_cap_weight,Market-Cap-Weighted Rally Market Index,2021-01-21,100.0,,1,market_cap,all,Prototype index from local manual/imported Rally price snapshots; limited price-history coverage.,0
rally_market_market_cap_weight,Market-Cap-Weighted Rally Market Index,2021-02-02,100.0,,1,market_cap,all,Prototype index from local manual/imported Rally price snapshots; limited price-history coverage.,0
rally_market_market_cap_weight,Market-Cap-Weighted Rally Market Index,2021-02-09,100.0,,3,market_cap,all,Prototype index from local manual/imported Rally price snapshots; limited price-history coverage.,0
rally_market_market_cap_weight,Market-Cap-Weighted Rally Market Index,2021-02-18,100.0,,2,market_cap,all,Prototype index from local manual/imported Rally price snapshots; limited price-history coverage.,0
rally_market_market_cap_weight,Market-Cap-Weighted Rally Market Index,2021-02-23,100.0,,2,market_cap,all,Prototype index from local manual/imported Rally price snapshots; limited price-history coverage.,0
rally_market_market_cap_weight,Market-Cap-Weighted Rally Market Index,2021-02-25,100.0,,1,market_cap,all,Prototype index from local manual/imported Rally price snapshots; limited price-history coverage.,0
rally_market_market_cap_weight,Market-Cap-Weighted Rally Market Index,2021-03-02,100.0,,3,market_cap,all,Prototype index from local manual/imported Rally price snapshots; limited price-history coverage.,0
rally_market_market_cap_weight,Market-Cap-Weighted Rally Market Index,2021-03-04,100.0,,1,market_cap,all,Prototype index from local manual/imported Rally price snapshots; limited price-history coverage.,0
rally_market_market_cap_weight,Market-Cap-Weighted Rally Market Index,2021-03-09,100.0,,1,market_cap,all,Prototype index from local manual/imported Rally price snapshots; limited price-history coverage.,0
rally_market_market_cap_weight,Market-Cap-Weighted Rally Market Index,2021-03-11,100.0,,1,market_cap,all,Prototype index from local manual/imported Rally price snapshots; limited price-history coverage.,0
rally_market_market_cap_weight,Market-Cap-Weighted Rally Market Index,2021-03-16,100.0,,2,market_cap,all,Prototype index from local manual/imported Rally price snapshots; limited price-history coverage.,0
rally_market_market_cap_weight,Market-Cap-Weighted Rally Market Index,2021-03-18,100.0,,1,market_cap,all,Prototype index from local manual/imported Rally price snapshots; limited price-history coverage.,0
rally_market_market_cap_weight,Market-Cap-Weighted Rally Market Index,2021-03-23,100.0,,1,market_cap,all,Prototype index from local manual/imported Rally price snapshots; limited price-history coverage.,0
rally_market_market_cap_weight,Market-Cap-Weighted Rally Market Index,2021-03-30,100.0,,1,market_cap,all,Prototype index from local manual/imported Rally price snapshots; limited price-history coverage.,0
rally_market_market_cap_weight,Market-Cap-Weighted Rally Market Index,2021-04-01,100.0,,1,market_cap,all,Prototype index from local manual/imported Rally price snapshots; limited price-history coverage.,0
rally_market_market_cap_weight,Market-Cap-Weighted Rally Market Index,2021-04-06,100.0,,1,market_cap,all,Prototype index from local manual/imported Rally price snapshots; limited price-history coverage.,0
rally_market_market_cap_weight,Market-Cap-Weighted Rally Market Index,2021-04-13,100.0,,5,market_cap,all,Prototype index from local manual/imported Rally price snapshots; limited price-history coverage.,0
rally_market_market_cap_weight,Market-Cap-Weighted Rally Market Index,2021-04-15,100.0,,2,market_cap,all,Prototype index from local manual/imported Rally price snapshots; limited price-history coverage.,0
rally_market_market_cap_weight,Market-Cap-Weighted Rally Market Index,2021-04-20,100.0,,1,market_cap,all,Prototype index from local manual/imported Rally price snapshots; limited price-history coverage.,0
rally_market_market_cap_weight,Market-Cap-Weighted Rally Market Index,2021-04-22,100.0,,2,market_cap,all,Prototype index from local manual/imported Rally price snapshots; limited price-history coverage.,0
rally_market_market_cap_weight,Market-Cap-Weighted Rally Market Index,2021-04-29,100.0,,1,market_cap,all,Prototype index from local manual/imported Rally price snapshots; limited price-history coverage.,0
rally_market_market_cap_weight,Market-Cap-Weighted Rally Market Index,2021-05-04,100.0,,1,market_cap,all,Prototype index from local manual/imported Rally price snapshots; limited price-history coverage.,0
rally_market_market_cap_weight,Market-Cap-Weighted Rally Market Index,2021-05-10,100.0,,1,market_cap,all,Prototype index from local manual/imported Rally price snapshots; limited price-history coverage.,0
rally_market_market_cap_weight,Market-Cap-Weighted Rally Market Index,2021-05-11,100.0,,1,market_cap,all,Prototype index from local manual/imported Rally price snapshots; limited price-history coverage.,0
rally_market_market_cap_weight,Market-Cap-Weighted Rally Market Index,2021-05-12,100.0,,1,market_cap,all,Prototype index from local manual/imported Rally price snapshots; limited price-history coverage.,0
rally_market_market_cap_weight,Market-Cap-Weighted Rally Market Index,2021-05-13,100.0,,1,market_cap,all,Prototype index from local manual/imported Rally price snapshots; limited price-history coverage.,0
rally_market_market_cap_weight,Market-Cap-Weighted Rally Market Index,2021-05-19,100.0,,1,market_cap,all,Prototype index from local manual/imported Rally price snapshots; limited price-history coverage.,0
rally_market_market_cap_weight,Market-Cap-Weighted Rally Market Index,2021-05-21,100.0,,1,market_cap,all,Prototype index from local manual/imported Rally price snapshots; limited price-history coverage.,0
rally_market_market_cap_weight,Market-Cap-Weighted Rally Market Index,2021-05-24,100.0,,1,market_cap,all,Prototype index from local manual/imported Rally price snapshots; limited price-history coverage.,0
rally_market_market_cap_weight,Market-Cap-Weighted Rally Market Index,2021-05-25,100.0,,1,market_cap,all,Prototype index from local manual/imported Rally price snapshots; limited price-history coverage.,0
rally_market_market_cap_weight,Market-Cap-Weighted Rally Market Index,2021-05-28,100.0,,1,market_cap,all,Prototype index from local manual/imported Rally price snapshots; limited price-history coverage.,0
rally_market_market_cap_weight,Market-Cap-Weighted Rally Market Index,2021-05-31,100.0,,1,market_cap,all,Prototype index from local manual/imported Rally price snapshots; limited price-history coverage.,0
rally_market_market_cap_weight,Market-Cap-Weighted Rally Market Index,2021-06-01,100.0,,1,market_cap,all,Prototype index from local manual/imported Rally price snapshots; limited price-history coverage.,0
rally_market_market_cap_weight,Market-Cap-Weighted Rally Market Index,2021-06-07,100.0,,1,market_cap,all,Prototype index from local manual/imported Rally price snapshots; limited price-history coverage.,0
rally_market_market_cap_weight,Market-Cap-Weighted Rally Market Index,2021-06-11,100.0,,1,market_cap,all,Prototype index from local manual/imported Rally price snapshots; limited price-history coverage.,0
rally_market_market_cap_weight,Market-Cap-Weighted Rally Market Index,2021-06-16,100.0,,1,market_cap,all,Prototype index from local manual/imported Rally price snapshots; limited price-history coverage.,0
rally_market_market_cap_weight,Market-Cap-Weighted Rally Market Index,2021-06-17,100.0,,1,market_cap,all,Prototype index from local manual/imported Rally price snapshots; limited price-history coverage.,0
rally_market_market_cap_weight,Market-Cap-Weighted Rally Market Index,2021-06-18,100.0,,1,market_cap,all,Prototype index from local manual/imported Rally price snapshots; limited price-history coverage.,0
rally_market_market_cap_weight,Market-Cap-Weighted Rally Market Index,2021-06-21,100.0,,1,market_cap,all,Prototype index from local manual/imported Rally price snapshots; limited price-history coverage.,0
rally_market_market_cap_weight,Market-Cap-Weighted Rally Market Index,2021-06-23,100.0,,1,market_cap,all,Prototype index from local manual/imported Rally price snapshots; limited price-history coverage.,0
rally_market_market_cap_weight,Market-Cap-Weighted Rally Market Index,2021-06-25,100.0,,1,market_cap,all,Prototype index from local manual/imported Rally price snapshots; limited price-history coverage.,0
rally_market_market_cap_weight,Market-Cap-Weighted Rally Market Index,2021-06-28,100.0,,1,market_cap,all,Prototype index from local manual/imported Rally price snapshots; limited price-history coverage.,0
rally_market_market_cap_weight,Market-Cap-Weighted Rally Market Index,2021-07-07,100.0,,1,market_cap,all,Prototype index from local manual/imported Rally price snapshots; limited price-history coverage.,0
rally_market_market_cap_weight,Market-Cap-Weighted Rally Market Index,2021-07-08,100.0,,1,market_cap,all,Prototype index from local manual/imported Rally price snapshots; limited price-history coverage.,0
rally_market_market_cap_weight,Market-Cap-Weighted Rally Market Index,2021-07-14,100.0,,1,market_cap,all,Prototype index from local manual/imported Rally price snapshots; limited price-history coverage.,0
rally_market_market_cap_weight,Market-Cap-Weighted Rally Market Index,2021-07-16,100.0,,1,market_cap,all,Prototype index from local manual/imported Rally price snapshots; limited price-history coverage.,0
rally_market_market_cap_weight,Market-Cap-Weighted Rally Market Index,2021-07-20,100.0,,2,market_cap,all,Prototype index from local manual/imported Rally price snapshots; limited price-history coverage.,0
rally_market_market_cap_weight,Market-Cap-Weighted Rally Market Index,2021-07-23,100.0,,1,market_cap,all,Prototype index from local manual/imported Rally price snapshots; limited price-history coverage.,0
rally_market_market_cap_weight,Market-Cap-Weighted Rally Market Index,2021-07-26,100.0,,1,market_cap,all,Prototype index from local manual/imported Rally price snapshots; limited price-history coverage.,0
rally_market_market_cap_weight,Market-Cap-Weighted Rally Market Index,2021-07-27,100.0,,1,market_cap,all,Prototype index from local manual/imported Rally price snapshots; limited price-history coverage.,0
rally_market_market_cap_weight,Market-Cap-Weighted Rally Market Index,2021-07-30,100.0,,1,market_cap,all,Prototype index from local manual/imported Rally price snapshots; limited price-history coverage.,0
rally_market_market_cap_weight,Market-Cap-Weighted Rally Market Index,2021-08-04,100.0,,1,market_cap,all,Prototype index from local manual/imported Rally price snapshots; limited price-history coverage.,0
rally_market_market_cap_weight,Market-Cap-Weighted Rally Market Index,2021-08-05,100.0,,1,market_cap,all,Prototype index from local manual/imported Rally price snapshots; limited price-history coverage.,0
rally_market_market_cap_weight,Market-Cap-Weighted Rally Market Index,2021-08-06,100.0,,1,market_cap,all,Prototype index from local manual/imported Rally price snapshots; limited price-history coverage.,0
rally_market_market_cap_weight,Market-Cap-Weighted Rally Market Index,2021-08-10,100.0,,2,market_cap,all,Prototype index from local manual/imported Rally price snapshots; limited price-history coverage.,0
rally_market_market_cap_weight,Market-Cap-Weighted Rally Market Index,2021-08-13,100.0,,1,market_cap,all,Prototype index from local manual/imported Rally price snapshots; limited price-history coverage.,0
rally_market_market_cap_weight,Market-Cap-Weighted Rally Market Index,2021-08-16,100.0,,1,market_cap,all,Prototype index from local manual/imported Rally price snapshots; limited price-history coverage.,0
rally_market_market_cap_weight,Market-Cap-Weighted Rally Market Index,2021-08-17,100.0,,1,market_cap,all,Prototype index from local manual/imported Rally price snapshots; limited price-history coverage.,0
rally_market_market_cap_weight,Market-Cap-Weighted Rally Market Index,2021-08-19,100.0,,1,market_cap,all,Prototype index from local manual/imported Rally price snapshots; limited price-history coverage.,0
rally_market_market_cap_weight,Market-Cap-Weighted Rally Market Index,2021-08-20,100.0,,1,market_cap,all,Prototype index from local manual/imported Rally price snapshots; limited price-history coverage.,0
rally_market_market_cap_weight,Market-Cap-Weighted Rally Market Index,2021-08-24,100.0,,1,market_cap,all,Prototype index from local manual/imported Rally price snapshots; limited price-history coverage.,0
rally_market_market_cap_weight,Market-Cap-Weighted Rally Market Index,2021-08-25,100.0,,1,market_cap,all,Prototype index from local manual/imported Rally price snapshots; limited price-history coverage.,0
rally_market_market_cap_weight,Market-Cap-Weighted Rally Market Index,2021-08-26,100.0,,1,market_cap,all,Prototype index from local manual/imported Rally price snapshots; limited price-history coverage.,0
rally_market_market_cap_weight,Market-Cap-Weighted Rally Market Index,2021-08-27,100.0,,1,market_cap,all,Prototype index from local manual/imported Rally price snapshots; limited price-history coverage.,0
rally_market_market_cap_weight,Market-Cap-Weighted Rally Market Index,2021-08-30,100.0,,1,market_cap,all,Prototype index from local manual/imported Rally price snapshots; limited price-history coverage.,0
rally_market_market_cap_weight,Market-Cap-Weighted Rally Market Index,2021-09-03,100.0,,1,market_cap,all,Prototype index from local manual/imported Rally price snapshots; limited price-history coverage.,0
rally_market_market_cap_weight,Market-Cap-Weighted Rally Market Index,2021-09-10,100.0,,1,market_cap,all,Prototype index from local manual/imported Rally price snapshots; limited price-history coverage.,0
rally_market_market_cap_weight,Market-Cap-Weighted Rally Market Index,2021-09-13,100.0,,1,market_cap,all,Prototype index from local manual/imported Rally price snapshots; limited price-history coverage.,0
rally_market_market_cap_weight,Market-Cap-Weighted Rally Market Index,2021-09-14,100.0,,1,market_cap,all,Prototype index from local manual/imported Rally price snapshots; limited price-history coverage.,0
rally_market_market_cap_weight,Market-Cap-Weighted Rally Market Index,2021-09-15,100.0,,2,market_cap,all,Prototype index from local manual/imported Rally price snapshots; limited price-history coverage.,0
rally_market_market_cap_weight,Market-Cap-Weighted Rally Market Index,2021-09-20,100.0,,1,market_cap,all,Prototype index from local manual/imported Rally price snapshots; limited price-history coverage.,0
rally_market_market_cap_weight,Market-Cap-Weighted Rally Market Index,2021-09-21,100.0,,1,market_cap,all,Prototype index from local manual/imported Rally price snapshots; limited price-history coverage.,0
rally_market_market_cap_weight,Market-Cap-Weighted Rally Market Index,2021-09-22,100.0,,1,market_cap,all,Prototype index from local manual/imported Rally price snapshots; limited price-history coverage.,0
rally_market_market_cap_weight,Market-Cap-Weighted Rally Market Index,2021-09-24,100.0,,1,market_cap,all,Prototype index from local manual/imported Rally price snapshots; limited price-history coverage.,0
rally_market_market_cap_weight,Market-Cap-Weighted Rally Market Index,2021-09-27,100.0,,1,market_cap,all,Prototype index from local manual/imported Rally price snapshots; limited price-history coverage.,0
rally_market_market_cap_weight,Market-Cap-Weighted Rally Market Index,2021-09-28,100.0,,1,market_cap,all,Prototype index from local manual/imported Rally price snapshots; limited price-history coverage.,0
rally_market_market_cap_weight,Market-Cap-Weighted Rally Market Index,2021-09-30,100.0,,2,market_cap,all,Prototype index from local manual/imported Rally price snapshots; limited price-history coverage.,0
rally_market_market_cap_weight,Market-Cap-Weighted Rally Market Index,2021-10-04,100.0,,1,market_cap,all,Prototype index from local manual/imported Rally price snapshots; limited price-history coverage.,0
rally_market_market_cap_weight,Market-Cap-Weighted Rally Market Index,2021-10-05,100.0,,1,market_cap,all,Prototype index from local manual/imported Rally price snapshots; limited price-history coverage.,0
rally_market_market_cap_weight,Market-Cap-Weighted Rally Market Index,2021-10-15,100.0,,1,market_cap,all,Prototype index from local manual/imported Rally price snapshots; limited price-history coverage.,0
rally_market_market_cap_weight,Market-Cap-Weighted Rally Market Index,2021-10-18,100.0,,1,market_cap,all,Prototype index from local manual/imported Rally price snapshots; limited price-history coverage.,0
rally_market_market_cap_weight,Market-Cap-Weighted Rally Market Index,2021-10-21,100.0,,1,market_cap,all,Prototype index from local manual/imported Rally price snapshots; limited price-history coverage.,0
rally_market_market_cap_weight,Market-Cap-Weighted Rally Market Index,2021-10-22,100.0,,1,market_cap,all,Prototype index from local manual/imported Rally price snapshots; limited price-history coverage.,0
rally_market_market_cap_weight,Market-Cap-Weighted Rally Market Index,2021-10-28,100.0,,1,market_cap,all,Prototype index from local manual/imported Rally price snapshots; limited price-history coverage.,0
rally_market_market_cap_weight,Market-Cap-Weighted Rally Market Index,2021-10-29,100.0,,1,market_cap,all,Prototype index from local manual/imported Rally price snapshots; limited price-history coverage.,0
rally_market_market_cap_weight,Market-Cap-Weighted Rally Market Index,2021-11-01,100.0,,2,market_cap,all,Prototype index from local manual/imported Rally price snapshots; limited price-history coverage.,0
rally_market_market_cap_weight,Market-Cap-Weighted Rally Market Index,2021-11-03,100.0,,1,market_cap,all,Prototype index from local manual/imported Rally price snapshots; limited price-history coverage.,0
rally_market_market_cap_weight,Market-Cap-Weighted Rally Market Index,2021-11-10,100.0,,1,market_cap,all,Prototype index from local manual/imported Rally price snapshots; limited price-history coverage.,0
rally_market_market_cap_weight,Market-Cap-Weighted Rally Market Index,2021-11-11,100.0,,1,market_cap,all,Prototype index from local manual/imported Rally price snapshots; limited price-history coverage.,0
rally_market_market_cap_weight,Market-Cap-Weighted Rally Market Index,2021-11-15,100.0,,1,market_cap,all,Prototype index from local manual/imported Rally price snapshots; limited price-history coverage.,0
rally_market_market_cap_weight,Market-Cap-Weighted Rally Market Index,2021-11-17,100.0,,1,market_cap,all,Prototype index from local manual/imported Rally price snapshots; limited price-history coverage.,0
rally_market_market_cap_weight,Market-Cap-Weighted Rally Market Index,2021-12-20,100.0,,1,market_cap,all,Prototype index from local manual/imported Rally price snapshots; limited price-history coverage.,0
rally_market_market_cap_weight,Market-Cap-Weighted Rally Market Index,2021-12-28,100.0,,1,market_cap,all,Prototype index from local manual/imported Rally price snapshots; limited price-history coverage.,0
rally_market_market_cap_weight,Market-Cap-Weighted Rally Market Index,2021-12-30,100.0,,1,market_cap,all,Prototype index from local manual/imported Rally price snapshots; limited price-history coverage.,0
rally_market_market_cap_weight,Market-Cap-Weighted Rally Market Index,2021-12-31,100.0,,1,market_cap,all,Prototype index from local manual/imported Rally price snapshots; limited price-history coverage.,0
rally_market_market_cap_weight,Market-Cap-Weighted Rally Market Index,2022-01-03,100.0,,3,market_cap,all,Prototype index from local manual/imported Rally price snapshots; limited price-history coverage.,0
rally_market_market_cap_weight,Market-Cap-Weighted Rally Market Index,2022-01-10,100.0,,7,market_cap,all,Prototype index from local manual/imported Rally price snapshots; limited price-history coverage.,0
rally_market_market_cap_weight,Market-Cap-Weighted Rally Market Index,2022-01-18,100.0,,2,market_cap,all,Prototype index from local manual/imported Rally price snapshots; limited price-history coverage.,0
rally_market_market_cap_weight,Market-Cap-Weighted Rally Market Index,2022-01-24,100.0,,4,market_cap,all,Prototype index from local manual/imported Rally price snapshots; limited price-history coverage.,0
rally_market_market_cap_weight,Market-Cap-Weighted Rally Market Index,2022-01-31,100.0,,4,market_cap,all,Prototype index from local manual/imported Rally price snapshots; limited price-history coverage.,0
rally_market_market_cap_weight,Market-Cap-Weighted Rally Market Index,2022-02-07,100.0,,3,market_cap,all,Prototype index from local manual/imported Rally price snapshots; limited price-history coverage.,0
rally_market_market_cap_weight,Market-Cap-Weighted Rally Market Index,2022-02-14,100.0,,1,market_cap,all,Prototype index from local manual/imported Rally price snapshots; limited price-history coverage.,0
rally_market_market_cap_weight,Market-Cap-Weighted Rally Market Index,2022-02-22,100.0,,1,market_cap,all,Prototype index from local manual/imported Rally price snapshots; limited price-history coverage.,0
rally_market_market_cap_weight,Market-Cap-Weighted Rally Market Index,2022-03-07,100.0,,1,market_cap,all,Prototype index from local manual/imported Rally price snapshots; limited price-history coverage.,0
rally_market_market_cap_weight,Market-Cap-Weighted Rally Market Index,2022-03-25,100.0,,6,market_cap,all,Prototype index from local manual/imported Rally price snapshots; limited price-history coverage.,0
rally_market_market_cap_weight,Market-Cap-Weighted Rally Market Index,2022-03-28,100.0,,15,market_cap,all,Prototype index from local manual/imported Rally price snapshots; limited price-history coverage.,0
rally_market_market_cap_weight,Market-Cap-Weighted Rally Market Index,2022-03-29,100.0,,10,market_cap,all,Prototype index from local manual/imported Rally price snapshots; limited price-history coverage.,0
rally_market_market_cap_weight,Market-Cap-Weighted Rally Market Index,2022-03-30,100.0,,7,market_cap,all,Prototype index from local manual/imported Rally price snapshots; limited price-history coverage.,0
rally_market_market_cap_weight,Market-Cap-Weighted Rally Market Index,2022-03-31,100.0,,8,market_cap,all,Prototype index from local manual/imported Rally price snapshots; limited price-history coverage.,0
rally_market_market_cap_weight,Market-Cap-Weighted Rally Market Index,2022-04-11,100.0,,1,market_cap,all,Prototype index from local manual/imported Rally price snapshots; limited price-history coverage.,0
rally_market_market_cap_weight,Market-Cap-Weighted Rally Market Index,2022-06-24,100.0,,5,market_cap,all,Prototype index from local manual/imported Rally price snapshots; limited price-history coverage.,0
rally_market_market_cap_weight,Market-Cap-Weighted Rally Market Index,2022-06-27,100.0,,21,market_cap,all,Prototype index from local manual/imported Rally price snapshots; limited price-history coverage.,0
rally_market_market_cap_weight,Market-Cap-Weighted Rally Market Index,2022-06-28,100.0,,3,market_cap,all,Prototype index from local manual/imported Rally price snapshots; limited price-history coverage.,0
rally_market_market_cap_weight,Market-Cap-Weighted Rally Market Index,2022-06-29,100.0,,9,market_cap,all,Prototype index from local manual/imported Rally price snapshots; limited price-history coverage.,0
rally_market_market_cap_weight,Market-Cap-Weighted Rally Market Index,2022-06-30,100.0,,12,market_cap,all,Prototype index from local manual/imported Rally price snapshots; limited price-history coverage.,0
rally_market_market_cap_weight,Market-Cap-Weighted Rally Market Index,2022-09-26,98.249684,-0.01750316322226904,12,market_cap,all,Prototype index from local manual/imported Rally price snapshots; limited price-history coverage.,0
rally_market_market_cap_weight,Market-Cap-Weighted Rally Market Index,2022-09-27,98.249684,,8,market_cap,all,Prototype index from local manual/imported Rally price snapshots; limited price-history coverage.,0
rally_market_market_cap_weight,Market-Cap-Weighted Rally Market Index,2022-09-28,98.249684,,10,market_cap,all,Prototype index from local manual/imported Rally price snapshots; limited price-history coverage.,0
rally_market_market_cap_weight,Market-Cap-Weighted Rally Market Index,2022-09-29,98.249684,,9,market_cap,all,Prototype index from local manual/imported Rally price snapshots; limited price-history coverage.,0
rally_market_market_cap_weight,Market-Cap-Weighted Rally Market Index,2022-09-30,98.249684,,12,market_cap,all,Prototype index from local manual/imported Rally price snapshots; limited price-history coverage.,0
rally_market_market_cap_weight,Market-Cap-Weighted Rally Market Index,2022-10-03,98.249684,,1,market_cap,all,Prototype index from local manual/imported Rally price snapshots; limited price-history coverage.,0
rally_market_market_cap_weight,Market-Cap-Weighted Rally Market Index,2022-10-10,98.249684,,1,market_cap,all,Prototype index from local manual/imported Rally price snapshots; limited price-history coverage.,0
rally_market_market_cap_weight,Market-Cap-Weighted Rally Market Index,2022-10-17,98.249684,,1,market_cap,all,Prototype index from local manual/imported Rally price snapshots; limited price-history coverage.,0
rally_market_market_cap_weight,Market-Cap-Weighted Rally Market Index,2022-12-27,98.249684,,14,market_cap,all,Prototype index from local manual/imported Rally price snapshots; limited price-history coverage.,0
rally_market_market_cap_weight,Market-Cap-Weighted Rally Market Index,2022-12-28,98.249684,,9,market_cap,all,Prototype index from local manual/imported Rally price snapshots; limited price-history coverage.,0
rally_market_market_cap_weight,Market-Cap-Weighted Rally Market Index,2022-12-29,98.249684,,11,market_cap,all,Prototype index from local manual/imported Rally price snapshots; limited price-history coverage.,0
rally_market_market_cap_weight,Market-Cap-Weighted Rally Market Index,2022-12-30,98.249684,,25,market_cap,all,Prototype index from local manual/imported Rally price snapshots; limited price-history coverage.,0
rally_market_market_cap_weight,Market-Cap-Weighted Rally Market Index,2023-03-13,98.249684,,1,market_cap,all,Prototype index from local manual/imported Rally price snapshots; limited price-history coverage.,0
rally_market_market_cap_weight,Market-Cap-Weighted Rally Market Index,2023-03-24,98.249684,,1,market_cap,all,Prototype index from local manual/imported Rally price snapshots; limited price-history coverage.,0
rally_market_market_cap_weight,Market-Cap-Weighted Rally Market Index,2023-03-27,98.249684,,11,market_cap,all,Prototype index from local manual/imported Rally price snapshots; limited price-history coverage.,0
rally_market_market_cap_weight,Market-Cap-Weighted Rally Market Index,2023-03-28,98.249684,,9,market_cap,all,Prototype index from local manual/imported Rally price snapshots; limited price-history coverage.,0
rally_market_market_cap_weight,Market-Cap-Weighted Rally Market Index,2023-03-29,98.249684,,9,market_cap,all,Prototype index from local manual/imported Rally price snapshots; limited price-history coverage.,0
rally_market_market_cap_weight,Market-Cap-Weighted Rally Market Index,2023-03-30,98.249684,,12,market_cap,all,Prototype index from local manual/imported Rally price snapshots; limited price-history coverage.,0
rally_market_market_cap_weight,Market-Cap-Weighted Rally Market Index,2023-03-31,98.249684,,18,market_cap,all,Prototype index from local manual/imported Rally price snapshots; limited price-history coverage.,0
rally_market_market_cap_weight,Market-Cap-Weighted Rally Market Index,2023-06-26,107.087669,0.08995433789954341,10,market_cap,all,Prototype index from local manual/imported Rally price snapshots; limited price-history coverage.,0
rally_market_market_cap_weight,Market-Cap-Weighted Rally Market Index,2023-06-27,107.087669,,9,market_cap,all,Prototype index from local manual/imported Rally price snapshots; limited price-history coverage.,0
rally_market_market_cap_weight,Market-Cap-Weighted Rally Market Index,2023-06-28,107.087669,,8,market_cap,all,Prototype index from local manual/imported Rally price snapshots; limited price-history coverage.,0
rally_market_market_cap_weight,Market-Cap-Weighted Rally Market Index,2023-06-29,107.087669,,14,market_cap,all,Prototype index from local manual/imported Rally price snapshots; limited price-history coverage.,0
rally_market_market_cap_weight,Market-Cap-Weighted Rally Market Index,2023-06-30,107.087669,,19,market_cap,all,Prototype index from local manual/imported Rally price snapshots; limited price-history coverage.,0
rally_market_market_cap_weight,Market-Cap-Weighted Rally Market Index,2023-09-25,110.147317,0.028571428571428692,5,market_cap,all,Prototype index from local manual/imported Rally price snapshots; limited price-history coverage.,0
rally_market_market_cap_weight,Market-Cap-Weighted Rally Market Index,2023-09-26,110.147317,,13,market_cap,all,Prototype index from local manual/imported Rally price snapshots; limited price-history coverage.,0
rally_market_market_cap_weight,Market-Cap-Weighted Rally Market Index,2023-09-27,110.147317,,9,market_cap,all,Prototype index from local manual/imported Rally price snapshots; limited price-history coverage.,0
rally_market_market_cap_weight,Market-Cap-Weighted Rally Market Index,2023-09-28,110.147317,,14,market_cap,all,Prototype index from local manual/imported Rally price snapshots; limited price-history coverage.,0
rally_market_market_cap_weight,Market-Cap-Weighted Rally Market Index,2023-09-29,110.147317,,19,market_cap,all,Prototype index from local manual/imported Rally price snapshots; limited price-history coverage.,0
rally_market_market_cap_weight,Market-Cap-Weighted Rally Market Index,2023-12-26,130.799938,0.1875,2,market_cap,all,Prototype index from local manual/imported Rally price snapshots; limited price-history coverage.,0
rally_market_market_cap_weight,Market-Cap-Weighted Rally Market Index,2023-12-27,130.799938,,3,market_cap,all,Prototype index from local manual/imported Rally price snapshots; limited price-history coverage.,0
rally_market_market_cap_weight,Market-Cap-Weighted Rally Market Index,2023-12-28,130.799938,,9,market_cap,all,Prototype index from local manual/imported Rally price snapshots; limited price-history coverage.,0
rally_market_market_cap_weight,Market-Cap-Weighted Rally Market Index,2023-12-29,130.799938,,45,market_cap,all,Prototype index from local manual/imported Rally price snapshots; limited price-history coverage.,0
rally_market_market_cap_weight,Market-Cap-Weighted Rally Market Index,2024-03-22,148.922822,0.13855421686746985,2,market_cap,all,Prototype index from local manual/imported Rally price snapshots; limited price-history coverage.,0
rally_market_market_cap_weight,Market-Cap-Weighted Rally Market Index,2024-03-25,148.922822,,13,market_cap,all,Prototype index from local manual/imported Rally price snapshots; limited price-history coverage.,0
rally_market_market_cap_weight,Market-Cap-Weighted Rally Market Index,2024-03-26,148.922822,,10,market_cap,all,Prototype index from local manual/imported Rally price snapshots; limited price-history coverage.,0
rally_market_market_cap_weight,Market-Cap-Weighted Rally Market Index,2024-03-27,148.922822,,7,market_cap,all,Prototype index from local manual/imported Rally price snapshots; limited price-history coverage.,0
rally_market_market_cap_weight,Market-Cap-Weighted Rally Market Index,2024-03-28,148.922822,,27,market_cap,all,Prototype index from local manual/imported Rally price snapshots; limited price-history coverage.,0
rally_market_market_cap_weight,Market-Cap-Weighted Rally Market Index,2024-06-21,148.922822,,1,market_cap,all,Prototype index from local manual/imported Rally price snapshots; limited price-history coverage.,0
rally_market_market_cap_weight,Market-Cap-Weighted Rally Market Index,2024-06-24,148.922822,,14,market_cap,all,Prototype index from local manual/imported Rally price snapshots; limited price-history coverage.,0
rally_market_market_cap_weight,Market-Cap-Weighted Rally Market Index,2024-06-25,148.922822,,7,market_cap,all,Prototype index from local manual/imported Rally price snapshots; limited price-history coverage.,0
rally_market_market_cap_weight,Market-Cap-Weighted Rally Market Index,2024-06-26,148.922822,,11,market_cap,all,Prototype index from local manual/imported Rally price snapshots; limited price-history coverage.,0
rally_market_market_cap_weight,Market-Cap-Weighted Rally Market Index,2024-06-27,148.922822,,10,market_cap,all,Prototype index from local manual/imported Rally price snapshots; limited price-history coverage.,0
rally_market_market_cap_weight,Market-Cap-Weighted Rally Market Index,2024-06-28,148.922822,,16,market_cap,all,Prototype index from local manual/imported Rally price snapshots; limited price-history coverage.,0
rally_market_market_cap_weight,Market-Cap-Weighted Rally Market Index,2024-09-23,148.922822,,1,market_cap,all,Prototype index from local manual/imported Rally price snapshots; limited price-history coverage.,0
rally_market_market_cap_weight,Market-Cap-Weighted Rally Market Index,2024-09-24,148.922822,,3,market_cap,all,Prototype index from local manual/imported Rally price snapshots; limited price-history coverage.,0
rally_market_market_cap_weight,Market-Cap-Weighted Rally Market Index,2024-09-25,148.922822,,11,market_cap,all,Prototype index from local manual/imported Rally price snapshots; limited price-history coverage.,0
rally_market_market_cap_weight,Market-Cap-Weighted Rally Market Index,2024-09-26,148.922822,,9,market_cap,all,Prototype index from local manual/imported Rally price snapshots; limited price-history coverage.,0
rally_market_market_cap_weight,Market-Cap-Weighted Rally Market Index,2024-09-27,148.922822,,18,market_cap,all,Prototype index from local manual/imported Rally price snapshots; limited price-history coverage.,0
rally_market_market_cap_weight,Market-Cap-Weighted Rally Market Index,2024-09-30,148.922822,,17,market_cap,all,Prototype index from local manual/imported Rally price snapshots; limited price-history coverage.,0
rally_market_market_cap_weight,Market-Cap-Weighted Rally Market Index,2024-12-24,148.922822,,2,market_cap,all,Prototype index from local manual/imported Rally price snapshots; limited price-history coverage.,0
rally_market_market_cap_weight,Market-Cap-Weighted Rally Market Index,2024-12-26,148.922822,,7,market_cap,all,Prototype index from local manual/imported Rally price snapshots; limited price-history coverage.,0
rally_market_market_cap_weight,Market-Cap-Weighted Rally Market Index,2024-12-27,148.922822,,16,market_cap,all,Prototype index from local manual/imported Rally price snapshots; limited price-history coverage.,0
rally_market_market_cap_weight,Market-Cap-Weighted Rally Market Index,2024-12-30,148.922822,,22,market_cap,all,Prototype index from local manual/imported Rally price snapshots; limited price-history coverage.,0
rally_market_market_cap_weight,Market-Cap-Weighted Rally Market Index,2024-12-31,148.922822,,11,market_cap,all,Prototype index from local manual/imported Rally price snapshots; limited price-history coverage.,0
rally_market_market_cap_weight,Market-Cap-Weighted Rally Market Index,2025-03-24,148.922822,,2,market_cap,all,Prototype index from local manual/imported Rally price snapshots; limited price-history coverage.,0
rally_market_market_cap_weight,Market-Cap-Weighted Rally Market Index,2025-03-25,148.922822,,1,market_cap,all,Prototype index from local manual/imported Rally price snapshots; limited price-history coverage.,0
rally_market_market_cap_weight,Market-Cap-Weighted Rally Market Index,2025-03-26,148.922822,,6,market_cap,all,Prototype index from local manual/imported Rally price snapshots; limited price-history coverage.,0
rally_market_market_cap_weight,Market-Cap-Weighted Rally Market Index,2025-03-27,148.922822,,9,market_cap,all,Prototype index from local manual/imported Rally price snapshots; limited price-history coverage.,0
rally_market_market_cap_weight,Market-Cap-Weighted Rally Market Index,2025-03-28,148.922822,,18,market_cap,all,Prototype index from local manual/imported Rally price snapshots; limited price-history coverage.,0
rally_market_market_cap_weight,Market-Cap-Weighted Rally Market Index,2025-03-31,148.922822,,22,market_cap,all,Prototype index from local manual/imported Rally price snapshots; limited price-history coverage.,0
rally_market_market_cap_weight,Market-Cap-Weighted Rally Market Index,2025-06-24,191.472199,0.2857142857142858,5,market_cap,all,Prototype index from local manual/imported Rally price snapshots; limited price-history coverage.,0
rally_market_market_cap_weight,Market-Cap-Weighted Rally Market Index,2025-06-25,191.472199,,8,market_cap,all,Prototype index from local manual/imported Rally price snapshots; limited price-history coverage.,0
rally_market_market_cap_weight,Market-Cap-Weighted Rally Market Index,2025-06-26,191.472199,,4,market_cap,all,Prototype index from local manual/imported Rally price snapshots; limited price-history coverage.,0
rally_market_market_cap_weight,Market-Cap-Weighted Rally Market Index,2025-06-27,191.472199,,23,market_cap,all,Prototype index from local manual/imported Rally price snapshots; limited price-history coverage.,0
rally_market_market_cap_weight,Market-Cap-Weighted Rally Market Index,2025-06-30,191.472199,,15,market_cap,all,Prototype index from local manual/imported Rally price snapshots; limited price-history coverage.,0
rally_market_market_cap_weight,Market-Cap-Weighted Rally Market Index,2025-09-24,191.472199,,2,market_cap,all,Prototype index from local manual/imported Rally price snapshots; limited price-history coverage.,0
rally_market_market_cap_weight,Market-Cap-Weighted Rally Market Index,2025-09-25,191.472199,,7,market_cap,all,Prototype index from local manual/imported Rally price snapshots; limited price-history coverage.,0
rally_market_market_cap_weight,Market-Cap-Weighted Rally Market Index,2025-09-26,191.472199,,20,market_cap,all,Prototype index from local manual/imported Rally price snapshots; limited price-history coverage.,0
rally_market_market_cap_weight,Market-Cap-Weighted Rally Market Index,2025-09-29,191.472199,,19,market_cap,all,Prototype index from local manual/imported Rally price snapshots; limited price-history coverage.,0
rally_market_market_cap_weight,Market-Cap-Weighted Rally Market Index,2025-09-30,191.472199,,7,market_cap,all,Prototype index from local manual/imported Rally price snapshots; limited price-history coverage.,0
rally_market_market_cap_weight,Market-Cap-Weighted Rally Market Index,2025-10-01,191.472199,,1,market_cap,all,Prototype index from local manual/imported Rally price snapshots; limited price-history coverage.,0
rally_market_market_cap_weight,Market-Cap-Weighted Rally Market Index,2025-12-26,191.153079,-0.0016666666666667052,13,market_cap,all,Prototype index from local manual/imported Rally price snapshots; limited price-history coverage.,0
rally_market_market_cap_weight,Market-Cap-Weighted Rally Market Index,2025-12-29,191.153079,,12,market_cap,all,Prototype index from local manual/imported Rally price snapshots; limited price-history coverage.,0
rally_market_market_cap_weight,Market-Cap-Weighted Rally Market Index,2025-12-30,191.153079,,16,market_cap,all,Prototype index from local manual/imported Rally price snapshots; limited price-history coverage.,0
rally_market_market_cap_weight,Market-Cap-Weighted Rally Market Index,2025-12-31,191.153079,,15,market_cap,all,Prototype index from local manual/imported Rally price snapshots; limited price-history coverage.,0
rally_market_market_cap_weight,Market-Cap-Weighted Rally Market Index,2026-03-24,191.153079,,1,market_cap,all,Prototype index from local manual/imported Rally price snapshots; limited price-history coverage.,0
rally_market_market_cap_weight,Market-Cap-Weighted Rally Market Index,2026-03-25,191.153079,,4,market_cap,all,Prototype index from local manual/imported Rally price snapshots; limited price-history coverage.,0
rally_market_market_cap_weight,Market-Cap-Weighted Rally Market Index,2026-03-26,191.153079,,8,market_cap,all,Prototype index from local manual/imported Rally price snapshots; limited price-history coverage.,0
rally_market_market_cap_weight,Market-Cap-Weighted Rally Market Index,2026-03-27,191.153079,,18,market_cap,all,Prototype index from local manual/imported Rally price snapshots; limited price-history coverage.,0
rally_market_market_cap_weight,Market-Cap-Weighted Rally Market Index,2026-03-30,191.153079,,17,market_cap,all,Prototype index from local manual/imported Rally price snapshots; limited price-history coverage.,0
rally_market_market_cap_weight,Market-Cap-Weighted Rally Market Index,2026-03-31,191.153079,,8,market_cap,all,Prototype index from local manual/imported Rally price snapshots; limited price-history coverage.,0
rally_market_market_cap_weight,Market-Cap-Weighted Rally Market Index,2026-06-22,191.153079,,1,market_cap,all,Prototype index from local manual/imported Rally price snapshots; limited price-history coverage.,0
rally_market_market_cap_weight,Market-Cap-Weighted Rally Market Index,2026-06-24,191.153079,,4,market_cap,all,Prototype index from local manual/imported Rally price snapshots; limited price-history coverage.,0
rally_market_market_cap_weight,Market-Cap-Weighted Rally Market Index,2026-06-25,191.153079,,5,market_cap,all,Prototype index from local manual/imported Rally price snapshots; limited price-history coverage.,0
rally_market_market_cap_weight,Market-Cap-Weighted Rally Market Index,2026-06-26,191.153079,,18,market_cap,all,Prototype index from local manual/imported Rally price snapshots; limited price-history coverage.,0
rally_market_market_cap_weight,Market-Cap-Weighted Rally Market Index,2026-06-29,191.153079,,19,market_cap,all,Prototype index from local manual/imported Rally price snapshots; limited price-history coverage.,0
rally_market_market_cap_weight,Market-Cap-Weighted Rally Market Index,2026-06-30,191.153079,,8,market_cap,all,Prototype index from local manual/imported Rally price snapshots; limited price-history coverage.,0
rally_market_market_cap_weight,Market-Cap-Weighted Rally Market Index,2026-07-01,191.153079,,1,market_cap,all,Prototype index from local manual/imported Rally price snapshots; limited price-history coverage.,0
rally_market_market_cap_weight,Market-Cap-Weighted Rally Market Index,2026-07-08,191.153079,,1,market_cap,all,Prototype index from local manual/imported Rally price snapshots; limited price-history coverage.,0
rally_market_market_cap_weight,Market-Cap-Weighted Rally Market Index,2026-07-09,191.153079,,1,market_cap,all,Prototype index from local manual/imported Rally price snapshots; limited price-history coverage.,0
rally_market_market_cap_weight,Market-Cap-Weighted Rally Market Index,2026-07-22,191.153079,,1,market_cap,all,Prototype index from local manual/imported Rally price snapshots; limited price-history coverage.,0
rally_market_market_cap_weight,Market-Cap-Weighted Rally Market Index,2026-07-23,191.153079,,2,market_cap,all,Prototype index from local manual/imported Rally price snapshots; limited price-history coverage.,0
